username,password,phone
testuser00001,Test1234,13800000001
testuser00002,Test1234,13800000002
testuser00003,Test1234,13800000003
testuser00004,Test1234,13800000004
testuser00005,Test1234,13800000005
testuser00006,Test1234,13800000006
testuser00007,Test1234,13800000007
testuser00008,Test1234,13800000008
testuser00009,Test1234,13800000009
testuser00010,Test1234,13800000010
testuser00011,Test1234,13800000011
testuser00012,Test1234,13800000012
testuser00013,Test1234,13800000013
testuser00014,Test1234,13800000014
testuser00015,Test1234,13800000015
testuser00016,Test1234,13800000016
testuser00017,Test1234,13800000017
testuser00018,Test1234,13800000018
testuser00019,Test1234,13800000019
testuser00020,Test1234,13800000020
testuser00021,Test1234,13800000021
testuser00022,Test1234,13800000022
testuser00023,Test1234,13800000023
testuser00024,Test1234,13800000024
testuser00025,Test1234,13800000025
testuser00026,Test1234,13800000026
testuser00027,Test1234,13800000027
testuser00028,Test1234,13800000028
testuser00029,Test1234,13800000029
testuser00030,Test1234,13800000030
testuser00031,Test1234,13800000031
testuser00032,Test1234,13800000032
testuser00033,Test1234,13800000033
testuser00034,Test1234,13800000034
testuser00035,Test1234,13800000035
testuser00036,Test1234,13800000036
testuser00037,Test1234,13800000037
testuser00038,Test1234,13800000038
testuser00039,Test1234,13800000039
testuser00040,Test1234,13800000040
testuser00041,Test1234,13800000041
testuser00042,Test1234,13800000042
testuser00043,Test1234,13800000043
testuser00044,Test1234,13800000044
testuser00045,Test1234,13800000045
testuser00046,Test1234,13800000046
testuser00047,Test1234,13800000047
testuser00048,Test1234,13800000048
testuser00049,Test1234,13800000049
testuser00050,Test1234,13800000050
testuser00051,Test1234,13800000051
testuser00052,Test1234,13800000052
testuser00053,Test1234,13800000053
testuser00054,Test1234,13800000054
testuser00055,Test1234,13800000055
testuser00056,Test1234,13800000056
testuser00057,Test1234,13800000057
testuser00058,Test1234,13800000058
testuser00059,Test1234,13800000059
testuser00060,Test1234,13800000060
testuser00061,Test1234,13800000061
testuser00062,Test1234,13800000062
testuser00063,Test1234,13800000063
testuser00064,Test1234,13800000064
testuser00065,Test1234,13800000065
testuser00066,Test1234,13800000066
testuser00067,Test1234,13800000067
testuser00068,Test1234,13800000068
testuser00069,Test1234,13800000069
testuser00070,Test1234,13800000070
testuser00071,Test1234,13800000071
testuser00072,Test1234,13800000072
testuser00073,Test1234,13800000073
testuser00074,Test1234,13800000074
testuser00075,Test1234,13800000075
testuser00076,Test1234,13800000076
testuser00077,Test1234,13800000077
testuser00078,Test1234,13800000078
testuser00079,Test1234,13800000079
testuser00080,Test1234,13800000080
testuser00081,Test1234,13800000081
testuser00082,Test1234,13800000082
testuser00083,Test1234,13800000083
testuser00084,Test1234,13800000084
testuser00085,Test1234,13800000085
testuser00086,Test1234,13800000086
testuser00087,Test1234,13800000087
testuser00088,Test1234,13800000088
testuser00089,Test1234,13800000089
testuser00090,Test1234,13800000090
testuser00091,Test1234,13800000091
testuser00092,Test1234,13800000092
testuser00093,Test1234,13800000093
testuser00094,Test1234,13800000094
testuser00095,Test1234,13800000095
testuser00096,Test1234,13800000096
testuser00097,Test1234,13800000097
testuser00098,Test1234,13800000098
testuser00099,Test1234,13800000099
testuser00100,Test1234,13800000100
testuser00101,Test1234,13800000101
testuser00102,Test1234,13800000102
testuser00103,Test1234,13800000103
testuser00104,Test1234,13800000104
testuser00105,Test1234,13800000105
testuser00106,Test1234,13800000106
testuser00107,Test1234,13800000107
testuser00108,Test1234,13800000108
testuser00109,Test1234,13800000109
testuser00110,Test1234,13800000110
testuser00111,Test1234,13800000111
testuser00112,Test1234,13800000112
testuser00113,Test1234,13800000113
testuser00114,Test1234,13800000114
testuser00115,Test1234,13800000115
testuser00116,Test1234,13800000116
testuser00117,Test1234,13800000117
testuser00118,Test1234,13800000118
testuser00119,Test1234,13800000119
testuser00120,Test1234,13800000120
testuser00121,Test1234,13800000121
testuser00122,Test1234,13800000122
testuser00123,Test1234,13800000123
testuser00124,Test1234,13800000124
testuser00125,Test1234,13800000125
testuser00126,Test1234,13800000126
testuser00127,Test1234,13800000127
testuser00128,Test1234,13800000128
testuser00129,Test1234,13800000129
testuser00130,Test1234,13800000130
testuser00131,Test1234,13800000131
testuser00132,Test1234,13800000132
testuser00133,Test1234,13800000133
testuser00134,Test1234,13800000134
testuser00135,Test1234,13800000135
testuser00136,Test1234,13800000136
testuser00137,Test1234,13800000137
testuser00138,Test1234,13800000138
testuser00139,Test1234,13800000139
testuser00140,Test1234,13800000140
testuser00141,Test1234,13800000141
testuser00142,Test1234,13800000142
testuser00143,Test1234,13800000143
testuser00144,Test1234,13800000144
testuser00145,Test1234,13800000145
testuser00146,Test1234,13800000146
testuser00147,Test1234,13800000147
testuser00148,Test1234,13800000148
testuser00149,Test1234,13800000149
testuser00150,Test1234,13800000150
testuser00151,Test1234,13800000151
testuser00152,Test1234,13800000152
testuser00153,Test1234,13800000153
testuser00154,Test1234,13800000154
testuser00155,Test1234,13800000155
testuser00156,Test1234,13800000156
testuser00157,Test1234,13800000157
testuser00158,Test1234,13800000158
testuser00159,Test1234,13800000159
testuser00160,Test1234,13800000160
testuser00161,Test1234,13800000161
testuser00162,Test1234,13800000162
testuser00163,Test1234,13800000163
testuser00164,Test1234,13800000164
testuser00165,Test1234,13800000165
testuser00166,Test1234,13800000166
testuser00167,Test1234,13800000167
testuser00168,Test1234,13800000168
testuser00169,Test1234,13800000169
testuser00170,Test1234,13800000170
testuser00171,Test1234,13800000171
testuser00172,Test1234,13800000172
testuser00173,Test1234,13800000173
testuser00174,Test1234,13800000174
testuser00175,Test1234,13800000175
testuser00176,Test1234,13800000176
testuser00177,Test1234,13800000177
testuser00178,Test1234,13800000178
testuser00179,Test1234,13800000179
testuser00180,Test1234,13800000180
testuser00181,Test1234,13800000181
testuser00182,Test1234,13800000182
testuser00183,Test1234,13800000183
testuser00184,Test1234,13800000184
testuser00185,Test1234,13800000185
testuser00186,Test1234,13800000186
testuser00187,Test1234,13800000187
testuser00188,Test1234,13800000188
testuser00189,Test1234,13800000189
testuser00190,Test1234,13800000190
testuser00191,Test1234,13800000191
testuser00192,Test1234,13800000192
testuser00193,Test1234,13800000193
testuser00194,Test1234,13800000194
testuser00195,Test1234,13800000195
testuser00196,Test1234,13800000196
testuser00197,Test1234,13800000197
testuser00198,Test1234,13800000198
testuser00199,Test1234,13800000199
testuser00200,Test1234,13800000200
testuser00201,Test1234,13800000201
testuser00202,Test1234,13800000202
testuser00203,Test1234,13800000203
testuser00204,Test1234,13800000204
testuser00205,Test1234,13800000205
testuser00206,Test1234,13800000206
testuser00207,Test1234,13800000207
testuser00208,Test1234,13800000208
testuser00209,Test1234,13800000209
testuser00210,Test1234,13800000210
testuser00211,Test1234,13800000211
testuser00212,Test1234,13800000212
testuser00213,Test1234,13800000213
testuser00214,Test1234,13800000214
testuser00215,Test1234,13800000215
testuser00216,Test1234,13800000216
testuser00217,Test1234,13800000217
testuser00218,Test1234,13800000218
testuser00219,Test1234,13800000219
testuser00220,Test1234,13800000220
testuser00221,Test1234,13800000221
testuser00222,Test1234,13800000222
testuser00223,Test1234,13800000223
testuser00224,Test1234,13800000224
testuser00225,Test1234,13800000225
testuser00226,Test1234,13800000226
testuser00227,Test1234,13800000227
testuser00228,Test1234,13800000228
testuser00229,Test1234,13800000229
testuser00230,Test1234,13800000230
testuser00231,Test1234,13800000231
testuser00232,Test1234,13800000232
testuser00233,Test1234,13800000233
testuser00234,Test1234,13800000234
testuser00235,Test1234,13800000235
testuser00236,Test1234,13800000236
testuser00237,Test1234,13800000237
testuser00238,Test1234,13800000238
testuser00239,Test1234,13800000239
testuser00240,Test1234,13800000240
testuser00241,Test1234,13800000241
testuser00242,Test1234,13800000242
testuser00243,Test1234,13800000243
testuser00244,Test1234,13800000244
testuser00245,Test1234,13800000245
testuser00246,Test1234,13800000246
testuser00247,Test1234,13800000247
testuser00248,Test1234,13800000248
testuser00249,Test1234,13800000249
testuser00250,Test1234,13800000250
testuser00251,Test1234,13800000251
testuser00252,Test1234,13800000252
testuser00253,Test1234,13800000253
testuser00254,Test1234,13800000254
testuser00255,Test1234,13800000255
testuser00256,Test1234,13800000256
testuser00257,Test1234,13800000257
testuser00258,Test1234,13800000258
testuser00259,Test1234,13800000259
testuser00260,Test1234,13800000260
testuser00261,Test1234,13800000261
testuser00262,Test1234,13800000262
testuser00263,Test1234,13800000263
testuser00264,Test1234,13800000264
testuser00265,Test1234,13800000265
testuser00266,Test1234,13800000266
testuser00267,Test1234,13800000267
testuser00268,Test1234,13800000268
testuser00269,Test1234,13800000269
testuser00270,Test1234,13800000270
testuser00271,Test1234,13800000271
testuser00272,Test1234,13800000272
testuser00273,Test1234,13800000273
testuser00274,Test1234,13800000274
testuser00275,Test1234,13800000275
testuser00276,Test1234,13800000276
testuser00277,Test1234,13800000277
testuser00278,Test1234,13800000278
testuser00279,Test1234,13800000279
testuser00280,Test1234,13800000280
testuser00281,Test1234,13800000281
testuser00282,Test1234,13800000282
testuser00283,Test1234,13800000283
testuser00284,Test1234,13800000284
testuser00285,Test1234,13800000285
testuser00286,Test1234,13800000286
testuser00287,Test1234,13800000287
testuser00288,Test1234,13800000288
testuser00289,Test1234,13800000289
testuser00290,Test1234,13800000290
testuser00291,Test1234,13800000291
testuser00292,Test1234,13800000292
testuser00293,Test1234,13800000293
testuser00294,Test1234,13800000294
testuser00295,Test1234,13800000295
testuser00296,Test1234,13800000296
testuser00297,Test1234,13800000297
testuser00298,Test1234,13800000298
testuser00299,Test1234,13800000299
testuser00300,Test1234,13800000300
testuser00301,Test1234,13800000301
testuser00302,Test1234,13800000302
testuser00303,Test1234,13800000303
testuser00304,Test1234,13800000304
testuser00305,Test1234,13800000305
testuser00306,Test1234,13800000306
testuser00307,Test1234,13800000307
testuser00308,Test1234,13800000308
testuser00309,Test1234,13800000309
testuser00310,Test1234,13800000310
testuser00311,Test1234,13800000311
testuser00312,Test1234,13800000312
testuser00313,Test1234,13800000313
testuser00314,Test1234,13800000314
testuser00315,Test1234,13800000315
testuser00316,Test1234,13800000316
testuser00317,Test1234,13800000317
testuser00318,Test1234,13800000318
testuser00319,Test1234,13800000319
testuser00320,Test1234,13800000320
testuser00321,Test1234,13800000321
testuser00322,Test1234,13800000322
testuser00323,Test1234,13800000323
testuser00324,Test1234,13800000324
testuser00325,Test1234,13800000325
testuser00326,Test1234,13800000326
testuser00327,Test1234,13800000327
testuser00328,Test1234,13800000328
testuser00329,Test1234,13800000329
testuser00330,Test1234,13800000330
testuser00331,Test1234,13800000331
testuser00332,Test1234,13800000332
testuser00333,Test1234,13800000333
testuser00334,Test1234,13800000334
testuser00335,Test1234,13800000335
testuser00336,Test1234,13800000336
testuser00337,Test1234,13800000337
testuser00338,Test1234,13800000338
testuser00339,Test1234,13800000339
testuser00340,Test1234,13800000340
testuser00341,Test1234,13800000341
testuser00342,Test1234,13800000342
testuser00343,Test1234,13800000343
testuser00344,Test1234,13800000344
testuser00345,Test1234,13800000345
testuser00346,Test1234,13800000346
testuser00347,Test1234,13800000347
testuser00348,Test1234,13800000348
testuser00349,Test1234,13800000349
testuser00350,Test1234,13800000350
testuser00351,Test1234,13800000351
testuser00352,Test1234,13800000352
testuser00353,Test1234,13800000353
testuser00354,Test1234,13800000354
testuser00355,Test1234,13800000355
testuser00356,Test1234,13800000356
testuser00357,Test1234,13800000357
testuser00358,Test1234,13800000358
testuser00359,Test1234,13800000359
testuser00360,Test1234,13800000360
testuser00361,Test1234,13800000361
testuser00362,Test1234,13800000362
testuser00363,Test1234,13800000363
testuser00364,Test1234,13800000364
testuser00365,Test1234,13800000365
testuser00366,Test1234,13800000366
testuser00367,Test1234,13800000367
testuser00368,Test1234,13800000368
testuser00369,Test1234,13800000369
testuser00370,Test1234,13800000370
testuser00371,Test1234,13800000371
testuser00372,Test1234,13800000372
testuser00373,Test1234,13800000373
testuser00374,Test1234,13800000374
testuser00375,Test1234,13800000375
testuser00376,Test1234,13800000376
testuser00377,Test1234,13800000377
testuser00378,Test1234,13800000378
testuser00379,Test1234,13800000379
testuser00380,Test1234,13800000380
testuser00381,Test1234,13800000381
testuser00382,Test1234,13800000382
testuser00383,Test1234,13800000383
testuser00384,Test1234,13800000384
testuser00385,Test1234,13800000385
testuser00386,Test1234,13800000386
testuser00387,Test1234,13800000387
testuser00388,Test1234,13800000388
testuser00389,Test1234,13800000389
testuser00390,Test1234,13800000390
testuser00391,Test1234,13800000391
testuser00392,Test1234,13800000392
testuser00393,Test1234,13800000393
testuser00394,Test1234,13800000394
testuser00395,Test1234,13800000395
testuser00396,Test1234,13800000396
testuser00397,Test1234,13800000397
testuser00398,Test1234,13800000398
testuser00399,Test1234,13800000399
testuser00400,Test1234,13800000400
testuser00401,Test1234,13800000401
testuser00402,Test1234,13800000402
testuser00403,Test1234,13800000403
testuser00404,Test1234,13800000404
testuser00405,Test1234,13800000405
testuser00406,Test1234,13800000406
testuser00407,Test1234,13800000407
testuser00408,Test1234,13800000408
testuser00409,Test1234,13800000409
testuser00410,Test1234,13800000410
testuser00411,Test1234,13800000411
testuser00412,Test1234,13800000412
testuser00413,Test1234,13800000413
testuser00414,Test1234,13800000414
testuser00415,Test1234,13800000415
testuser00416,Test1234,13800000416
testuser00417,Test1234,13800000417
testuser00418,Test1234,13800000418
testuser00419,Test1234,13800000419
testuser00420,Test1234,13800000420
testuser00421,Test1234,13800000421
testuser00422,Test1234,13800000422
testuser00423,Test1234,13800000423
testuser00424,Test1234,13800000424
testuser00425,Test1234,13800000425
testuser00426,Test1234,13800000426
testuser00427,Test1234,13800000427
testuser00428,Test1234,13800000428
testuser00429,Test1234,13800000429
testuser00430,Test1234,13800000430
testuser00431,Test1234,13800000431
testuser00432,Test1234,13800000432
testuser00433,Test1234,13800000433
testuser00434,Test1234,13800000434
testuser00435,Test1234,13800000435
testuser00436,Test1234,13800000436
testuser00437,Test1234,13800000437
testuser00438,Test1234,13800000438
testuser00439,Test1234,13800000439
testuser00440,Test1234,13800000440
testuser00441,Test1234,13800000441
testuser00442,Test1234,13800000442
testuser00443,Test1234,13800000443
testuser00444,Test1234,13800000444
testuser00445,Test1234,13800000445
testuser00446,Test1234,13800000446
testuser00447,Test1234,13800000447
testuser00448,Test1234,13800000448
testuser00449,Test1234,13800000449
testuser00450,Test1234,13800000450
testuser00451,Test1234,13800000451
testuser00452,Test1234,13800000452
testuser00453,Test1234,13800000453
testuser00454,Test1234,13800000454
testuser00455,Test1234,13800000455
testuser00456,Test1234,13800000456
testuser00457,Test1234,13800000457
testuser00458,Test1234,13800000458
testuser00459,Test1234,13800000459
testuser00460,Test1234,13800000460
testuser00461,Test1234,13800000461
testuser00462,Test1234,13800000462
testuser00463,Test1234,13800000463
testuser00464,Test1234,13800000464
testuser00465,Test1234,13800000465
testuser00466,Test1234,13800000466
testuser00467,Test1234,13800000467
testuser00468,Test1234,13800000468
testuser00469,Test1234,13800000469
testuser00470,Test1234,13800000470
testuser00471,Test1234,13800000471
testuser00472,Test1234,13800000472
testuser00473,Test1234,13800000473
testuser00474,Test1234,13800000474
testuser00475,Test1234,13800000475
testuser00476,Test1234,13800000476
testuser00477,Test1234,13800000477
testuser00478,Test1234,13800000478
testuser00479,Test1234,13800000479
testuser00480,Test1234,13800000480
testuser00481,Test1234,13800000481
testuser00482,Test1234,13800000482
testuser00483,Test1234,13800000483
testuser00484,Test1234,13800000484
testuser00485,Test1234,13800000485
testuser00486,Test1234,13800000486
testuser00487,Test1234,13800000487
testuser00488,Test1234,13800000488
testuser00489,Test1234,13800000489
testuser00490,Test1234,13800000490
testuser00491,Test1234,13800000491
testuser00492,Test1234,13800000492
testuser00493,Test1234,13800000493
testuser00494,Test1234,13800000494
testuser00495,Test1234,13800000495
testuser00496,Test1234,13800000496
testuser00497,Test1234,13800000497
testuser00498,Test1234,13800000498
testuser00499,Test1234,13800000499
testuser00500,Test1234,13800000500
testuser00501,Test1234,13800000501
testuser00502,Test1234,13800000502
testuser00503,Test1234,13800000503
testuser00504,Test1234,13800000504
testuser00505,Test1234,13800000505
testuser00506,Test1234,13800000506
testuser00507,Test1234,13800000507
testuser00508,Test1234,13800000508
testuser00509,Test1234,13800000509
testuser00510,Test1234,13800000510
testuser00511,Test1234,13800000511
testuser00512,Test1234,13800000512
testuser00513,Test1234,13800000513
testuser00514,Test1234,13800000514
testuser00515,Test1234,13800000515
testuser00516,Test1234,13800000516
testuser00517,Test1234,13800000517
testuser00518,Test1234,13800000518
testuser00519,Test1234,13800000519
testuser00520,Test1234,13800000520
testuser00521,Test1234,13800000521
testuser00522,Test1234,13800000522
testuser00523,Test1234,13800000523
testuser00524,Test1234,13800000524
testuser00525,Test1234,13800000525
testuser00526,Test1234,13800000526
testuser00527,Test1234,13800000527
testuser00528,Test1234,13800000528
testuser00529,Test1234,13800000529
testuser00530,Test1234,13800000530
testuser00531,Test1234,13800000531
testuser00532,Test1234,13800000532
testuser00533,Test1234,13800000533
testuser00534,Test1234,13800000534
testuser00535,Test1234,13800000535
testuser00536,Test1234,13800000536
testuser00537,Test1234,13800000537
testuser00538,Test1234,13800000538
testuser00539,Test1234,13800000539
testuser00540,Test1234,13800000540
testuser00541,Test1234,13800000541
testuser00542,Test1234,13800000542
testuser00543,Test1234,13800000543
testuser00544,Test1234,13800000544
testuser00545,Test1234,13800000545
testuser00546,Test1234,13800000546
testuser00547,Test1234,13800000547
testuser00548,Test1234,13800000548
testuser00549,Test1234,13800000549
testuser00550,Test1234,13800000550
testuser00551,Test1234,13800000551
testuser00552,Test1234,13800000552
testuser00553,Test1234,13800000553
testuser00554,Test1234,13800000554
testuser00555,Test1234,13800000555
testuser00556,Test1234,13800000556
testuser00557,Test1234,13800000557
testuser00558,Test1234,13800000558
testuser00559,Test1234,13800000559
testuser00560,Test1234,13800000560
testuser00561,Test1234,13800000561
testuser00562,Test1234,13800000562
testuser00563,Test1234,13800000563
testuser00564,Test1234,13800000564
testuser00565,Test1234,13800000565
testuser00566,Test1234,13800000566
testuser00567,Test1234,13800000567
testuser00568,Test1234,13800000568
testuser00569,Test1234,13800000569
testuser00570,Test1234,13800000570
testuser00571,Test1234,13800000571
testuser00572,Test1234,13800000572
testuser00573,Test1234,13800000573
testuser00574,Test1234,13800000574
testuser00575,Test1234,13800000575
testuser00576,Test1234,13800000576
testuser00577,Test1234,13800000577
testuser00578,Test1234,13800000578
testuser00579,Test1234,13800000579
testuser00580,Test1234,13800000580
testuser00581,Test1234,13800000581
testuser00582,Test1234,13800000582
testuser00583,Test1234,13800000583
testuser00584,Test1234,13800000584
testuser00585,Test1234,13800000585
testuser00586,Test1234,13800000586
testuser00587,Test1234,13800000587
testuser00588,Test1234,13800000588
testuser00589,Test1234,13800000589
testuser00590,Test1234,13800000590
testuser00591,Test1234,13800000591
testuser00592,Test1234,13800000592
testuser00593,Test1234,13800000593
testuser00594,Test1234,13800000594
testuser00595,Test1234,13800000595
testuser00596,Test1234,13800000596
testuser00597,Test1234,13800000597
testuser00598,Test1234,13800000598
testuser00599,Test1234,13800000599
testuser00600,Test1234,13800000600
testuser00601,Test1234,13800000601
testuser00602,Test1234,13800000602
testuser00603,Test1234,13800000603
testuser00604,Test1234,13800000604
testuser00605,Test1234,13800000605
testuser00606,Test1234,13800000606
testuser00607,Test1234,13800000607
testuser00608,Test1234,13800000608
testuser00609,Test1234,13800000609
testuser00610,Test1234,13800000610
testuser00611,Test1234,13800000611
testuser00612,Test1234,13800000612
testuser00613,Test1234,13800000613
testuser00614,Test1234,13800000614
testuser00615,Test1234,13800000615
testuser00616,Test1234,13800000616
testuser00617,Test1234,13800000617
testuser00618,Test1234,13800000618
testuser00619,Test1234,13800000619
testuser00620,Test1234,13800000620
testuser00621,Test1234,13800000621
testuser00622,Test1234,13800000622
testuser00623,Test1234,13800000623
testuser00624,Test1234,13800000624
testuser00625,Test1234,13800000625
testuser00626,Test1234,13800000626
testuser00627,Test1234,13800000627
testuser00628,Test1234,13800000628
testuser00629,Test1234,13800000629
testuser00630,Test1234,13800000630
testuser00631,Test1234,13800000631
testuser00632,Test1234,13800000632
testuser00633,Test1234,13800000633
testuser00634,Test1234,13800000634
testuser00635,Test1234,13800000635
testuser00636,Test1234,13800000636
testuser00637,Test1234,13800000637
testuser00638,Test1234,13800000638
testuser00639,Test1234,13800000639
testuser00640,Test1234,13800000640
testuser00641,Test1234,13800000641
testuser00642,Test1234,13800000642
testuser00643,Test1234,13800000643
testuser00644,Test1234,13800000644
testuser00645,Test1234,13800000645
testuser00646,Test1234,13800000646
testuser00647,Test1234,13800000647
testuser00648,Test1234,13800000648
testuser00649,Test1234,13800000649
testuser00650,Test1234,13800000650
testuser00651,Test1234,13800000651
testuser00652,Test1234,13800000652
testuser00653,Test1234,13800000653
testuser00654,Test1234,13800000654
testuser00655,Test1234,13800000655
testuser00656,Test1234,13800000656
testuser00657,Test1234,13800000657
testuser00658,Test1234,13800000658
testuser00659,Test1234,13800000659
testuser00660,Test1234,13800000660
testuser00661,Test1234,13800000661
testuser00662,Test1234,13800000662
testuser00663,Test1234,13800000663
testuser00664,Test1234,13800000664
testuser00665,Test1234,13800000665
testuser00666,Test1234,13800000666
testuser00667,Test1234,13800000667
testuser00668,Test1234,13800000668
testuser00669,Test1234,13800000669
testuser00670,Test1234,13800000670
testuser00671,Test1234,13800000671
testuser00672,Test1234,13800000672
testuser00673,Test1234,13800000673
testuser00674,Test1234,13800000674
testuser00675,Test1234,13800000675
testuser00676,Test1234,13800000676
testuser00677,Test1234,13800000677
testuser00678,Test1234,13800000678
testuser00679,Test1234,13800000679
testuser00680,Test1234,13800000680
testuser00681,Test1234,13800000681
testuser00682,Test1234,13800000682
testuser00683,Test1234,13800000683
testuser00684,Test1234,13800000684
testuser00685,Test1234,13800000685
testuser00686,Test1234,13800000686
testuser00687,Test1234,13800000687
testuser00688,Test1234,13800000688
testuser00689,Test1234,13800000689
testuser00690,Test1234,13800000690
testuser00691,Test1234,13800000691
testuser00692,Test1234,13800000692
testuser00693,Test1234,13800000693
testuser00694,Test1234,13800000694
testuser00695,Test1234,13800000695
testuser00696,Test1234,13800000696
testuser00697,Test1234,13800000697
testuser00698,Test1234,13800000698
testuser00699,Test1234,13800000699
testuser00700,Test1234,13800000700
testuser00701,Test1234,13800000701
testuser00702,Test1234,13800000702
testuser00703,Test1234,13800000703
testuser00704,Test1234,13800000704
testuser00705,Test1234,13800000705
testuser00706,Test1234,13800000706
testuser00707,Test1234,13800000707
testuser00708,Test1234,13800000708
testuser00709,Test1234,13800000709
testuser00710,Test1234,13800000710
testuser00711,Test1234,13800000711
testuser00712,Test1234,13800000712
testuser00713,Test1234,13800000713
testuser00714,Test1234,13800000714
testuser00715,Test1234,13800000715
testuser00716,Test1234,13800000716
testuser00717,Test1234,13800000717
testuser00718,Test1234,13800000718
testuser00719,Test1234,13800000719
testuser00720,Test1234,13800000720
testuser00721,Test1234,13800000721
testuser00722,Test1234,13800000722
testuser00723,Test1234,13800000723
testuser00724,Test1234,13800000724
testuser00725,Test1234,13800000725
testuser00726,Test1234,13800000726
testuser00727,Test1234,13800000727
testuser00728,Test1234,13800000728
testuser00729,Test1234,13800000729
testuser00730,Test1234,13800000730
testuser00731,Test1234,13800000731
testuser00732,Test1234,13800000732
testuser00733,Test1234,13800000733
testuser00734,Test1234,13800000734
testuser00735,Test1234,13800000735
testuser00736,Test1234,13800000736
testuser00737,Test1234,13800000737
testuser00738,Test1234,13800000738
testuser00739,Test1234,13800000739
testuser00740,Test1234,13800000740
testuser00741,Test1234,13800000741
testuser00742,Test1234,13800000742
testuser00743,Test1234,13800000743
testuser00744,Test1234,13800000744
testuser00745,Test1234,13800000745
testuser00746,Test1234,13800000746
testuser00747,Test1234,13800000747
testuser00748,Test1234,13800000748
testuser00749,Test1234,13800000749
testuser00750,Test1234,13800000750
testuser00751,Test1234,13800000751
testuser00752,Test1234,13800000752
testuser00753,Test1234,13800000753
testuser00754,Test1234,13800000754
testuser00755,Test1234,13800000755
testuser00756,Test1234,13800000756
testuser00757,Test1234,13800000757
testuser00758,Test1234,13800000758
testuser00759,Test1234,13800000759
testuser00760,Test1234,13800000760
testuser00761,Test1234,13800000761
testuser00762,Test1234,13800000762
testuser00763,Test1234,13800000763
testuser00764,Test1234,13800000764
testuser00765,Test1234,13800000765
testuser00766,Test1234,13800000766
testuser00767,Test1234,13800000767
testuser00768,Test1234,13800000768
testuser00769,Test1234,13800000769
testuser00770,Test1234,13800000770
testuser00771,Test1234,13800000771
testuser00772,Test1234,13800000772
testuser00773,Test1234,13800000773
testuser00774,Test1234,13800000774
testuser00775,Test1234,13800000775
testuser00776,Test1234,13800000776
testuser00777,Test1234,13800000777
testuser00778,Test1234,13800000778
testuser00779,Test1234,13800000779
testuser00780,Test1234,13800000780
testuser00781,Test1234,13800000781
testuser00782,Test1234,13800000782
testuser00783,Test1234,13800000783
testuser00784,Test1234,13800000784
testuser00785,Test1234,13800000785
testuser00786,Test1234,13800000786
testuser00787,Test1234,13800000787
testuser00788,Test1234,13800000788
testuser00789,Test1234,13800000789
testuser00790,Test1234,13800000790
testuser00791,Test1234,13800000791
testuser00792,Test1234,13800000792
testuser00793,Test1234,13800000793
testuser00794,Test1234,13800000794
testuser00795,Test1234,13800000795
testuser00796,Test1234,13800000796
testuser00797,Test1234,13800000797
testuser00798,Test1234,13800000798
testuser00799,Test1234,13800000799
testuser00800,Test1234,13800000800
testuser00801,Test1234,13800000801
testuser00802,Test1234,13800000802
testuser00803,Test1234,13800000803
testuser00804,Test1234,13800000804
testuser00805,Test1234,13800000805
testuser00806,Test1234,13800000806
testuser00807,Test1234,13800000807
testuser00808,Test1234,13800000808
testuser00809,Test1234,13800000809
testuser00810,Test1234,13800000810
testuser00811,Test1234,13800000811
testuser00812,Test1234,13800000812
testuser00813,Test1234,13800000813
testuser00814,Test1234,13800000814
testuser00815,Test1234,13800000815
testuser00816,Test1234,13800000816
testuser00817,Test1234,13800000817
testuser00818,Test1234,13800000818
testuser00819,Test1234,13800000819
testuser00820,Test1234,13800000820
testuser00821,Test1234,13800000821
testuser00822,Test1234,13800000822
testuser00823,Test1234,13800000823
testuser00824,Test1234,13800000824
testuser00825,Test1234,13800000825
testuser00826,Test1234,13800000826
testuser00827,Test1234,13800000827
testuser00828,Test1234,13800000828
testuser00829,Test1234,13800000829
testuser00830,Test1234,13800000830
testuser00831,Test1234,13800000831
testuser00832,Test1234,13800000832
testuser00833,Test1234,13800000833
testuser00834,Test1234,13800000834
testuser00835,Test1234,13800000835
testuser00836,Test1234,13800000836
testuser00837,Test1234,13800000837
testuser00838,Test1234,13800000838
testuser00839,Test1234,13800000839
testuser00840,Test1234,13800000840
testuser00841,Test1234,13800000841
testuser00842,Test1234,13800000842
testuser00843,Test1234,13800000843
testuser00844,Test1234,13800000844
testuser00845,Test1234,13800000845
testuser00846,Test1234,13800000846
testuser00847,Test1234,13800000847
testuser00848,Test1234,13800000848
testuser00849,Test1234,13800000849
testuser00850,Test1234,13800000850
testuser00851,Test1234,13800000851
testuser00852,Test1234,13800000852
testuser00853,Test1234,13800000853
testuser00854,Test1234,13800000854
testuser00855,Test1234,13800000855
testuser00856,Test1234,13800000856
testuser00857,Test1234,13800000857
testuser00858,Test1234,13800000858
testuser00859,Test1234,13800000859
testuser00860,Test1234,13800000860
testuser00861,Test1234,13800000861
testuser00862,Test1234,13800000862
testuser00863,Test1234,13800000863
testuser00864,Test1234,13800000864
testuser00865,Test1234,13800000865
testuser00866,Test1234,13800000866
testuser00867,Test1234,13800000867
testuser00868,Test1234,13800000868
testuser00869,Test1234,13800000869
testuser00870,Test1234,13800000870
testuser00871,Test1234,13800000871
testuser00872,Test1234,13800000872
testuser00873,Test1234,13800000873
testuser00874,Test1234,13800000874
testuser00875,Test1234,13800000875
testuser00876,Test1234,13800000876
testuser00877,Test1234,13800000877
testuser00878,Test1234,13800000878
testuser00879,Test1234,13800000879
testuser00880,Test1234,13800000880
testuser00881,Test1234,13800000881
testuser00882,Test1234,13800000882
testuser00883,Test1234,13800000883
testuser00884,Test1234,13800000884
testuser00885,Test1234,13800000885
testuser00886,Test1234,13800000886
testuser00887,Test1234,13800000887
testuser00888,Test1234,13800000888
testuser00889,Test1234,13800000889
testuser00890,Test1234,13800000890
testuser00891,Test1234,13800000891
testuser00892,Test1234,13800000892
testuser00893,Test1234,13800000893
testuser00894,Test1234,13800000894
testuser00895,Test1234,13800000895
testuser00896,Test1234,13800000896
testuser00897,Test1234,13800000897
testuser00898,Test1234,13800000898
testuser00899,Test1234,13800000899
testuser00900,Test1234,13800000900
testuser00901,Test1234,13800000901
testuser00902,Test1234,13800000902
testuser00903,Test1234,13800000903
testuser00904,Test1234,13800000904
testuser00905,Test1234,13800000905
testuser00906,Test1234,13800000906
testuser00907,Test1234,13800000907
testuser00908,Test1234,13800000908
testuser00909,Test1234,13800000909
testuser00910,Test1234,13800000910
testuser00911,Test1234,13800000911
testuser00912,Test1234,13800000912
testuser00913,Test1234,13800000913
testuser00914,Test1234,13800000914
testuser00915,Test1234,13800000915
testuser00916,Test1234,13800000916
testuser00917,Test1234,13800000917
testuser00918,Test1234,13800000918
testuser00919,Test1234,13800000919
testuser00920,Test1234,13800000920
testuser00921,Test1234,13800000921
testuser00922,Test1234,13800000922
testuser00923,Test1234,13800000923
testuser00924,Test1234,13800000924
testuser00925,Test1234,13800000925
testuser00926,Test1234,13800000926
testuser00927,Test1234,13800000927
testuser00928,Test1234,13800000928
testuser00929,Test1234,13800000929
testuser00930,Test1234,13800000930
testuser00931,Test1234,13800000931
testuser00932,Test1234,13800000932
testuser00933,Test1234,13800000933
testuser00934,Test1234,13800000934
testuser00935,Test1234,13800000935
testuser00936,Test1234,13800000936
testuser00937,Test1234,13800000937
testuser00938,Test1234,13800000938
testuser00939,Test1234,13800000939
testuser00940,Test1234,13800000940
testuser00941,Test1234,13800000941
testuser00942,Test1234,13800000942
testuser00943,Test1234,13800000943
testuser00944,Test1234,13800000944
testuser00945,Test1234,13800000945
testuser00946,Test1234,13800000946
testuser00947,Test1234,13800000947
testuser00948,Test1234,13800000948
testuser00949,Test1234,13800000949
testuser00950,Test1234,13800000950
testuser00951,Test1234,13800000951
testuser00952,Test1234,13800000952
testuser00953,Test1234,13800000953
testuser00954,Test1234,13800000954
testuser00955,Test1234,13800000955
testuser00956,Test1234,13800000956
testuser00957,Test1234,13800000957
testuser00958,Test1234,13800000958
testuser00959,Test1234,13800000959
testuser00960,Test1234,13800000960
testuser00961,Test1234,13800000961
testuser00962,Test1234,13800000962
testuser00963,Test1234,13800000963
testuser00964,Test1234,13800000964
testuser00965,Test1234,13800000965
testuser00966,Test1234,13800000966
testuser00967,Test1234,13800000967
testuser00968,Test1234,13800000968
testuser00969,Test1234,13800000969
testuser00970,Test1234,13800000970
testuser00971,Test1234,13800000971
testuser00972,Test1234,13800000972
testuser00973,Test1234,13800000973
testuser00974,Test1234,13800000974
testuser00975,Test1234,13800000975
testuser00976,Test1234,13800000976
testuser00977,Test1234,13800000977
testuser00978,Test1234,13800000978
testuser00979,Test1234,13800000979
testuser00980,Test1234,13800000980
testuser00981,Test1234,13800000981
testuser00982,Test1234,13800000982
testuser00983,Test1234,13800000983
testuser00984,Test1234,13800000984
testuser00985,Test1234,13800000985
testuser00986,Test1234,13800000986
testuser00987,Test1234,13800000987
testuser00988,Test1234,13800000988
testuser00989,Test1234,13800000989
testuser00990,Test1234,13800000990
testuser00991,Test1234,13800000991
testuser00992,Test1234,13800000992
testuser00993,Test1234,13800000993
testuser00994,Test1234,13800000994
testuser00995,Test1234,13800000995
testuser00996,Test1234,13800000996
testuser00997,Test1234,13800000997
testuser00998,Test1234,13800000998
testuser00999,Test1234,13800000999
testuser01000,Test1234,13800001000
testuser01001,Test1234,13800001001
testuser01002,Test1234,13800001002
testuser01003,Test1234,13800001003
testuser01004,Test1234,13800001004
testuser01005,Test1234,13800001005
testuser01006,Test1234,13800001006
testuser01007,Test1234,13800001007
testuser01008,Test1234,13800001008
testuser01009,Test1234,13800001009
testuser01010,Test1234,13800001010
testuser01011,Test1234,13800001011
testuser01012,Test1234,13800001012
testuser01013,Test1234,13800001013
testuser01014,Test1234,13800001014
testuser01015,Test1234,13800001015
testuser01016,Test1234,13800001016
testuser01017,Test1234,13800001017
testuser01018,Test1234,13800001018
testuser01019,Test1234,13800001019
testuser01020,Test1234,13800001020
testuser01021,Test1234,13800001021
testuser01022,Test1234,13800001022
testuser01023,Test1234,13800001023
testuser01024,Test1234,13800001024
testuser01025,Test1234,13800001025
testuser01026,Test1234,13800001026
testuser01027,Test1234,13800001027
testuser01028,Test1234,13800001028
testuser01029,Test1234,13800001029
testuser01030,Test1234,13800001030
testuser01031,Test1234,13800001031
testuser01032,Test1234,13800001032
testuser01033,Test1234,13800001033
testuser01034,Test1234,13800001034
testuser01035,Test1234,13800001035
testuser01036,Test1234,13800001036
testuser01037,Test1234,13800001037
testuser01038,Test1234,13800001038
testuser01039,Test1234,13800001039
testuser01040,Test1234,13800001040
testuser01041,Test1234,13800001041
testuser01042,Test1234,13800001042
testuser01043,Test1234,13800001043
testuser01044,Test1234,13800001044
testuser01045,Test1234,13800001045
testuser01046,Test1234,13800001046
testuser01047,Test1234,13800001047
testuser01048,Test1234,13800001048
testuser01049,Test1234,13800001049
testuser01050,Test1234,13800001050
testuser01051,Test1234,13800001051
testuser01052,Test1234,13800001052
testuser01053,Test1234,13800001053
testuser01054,Test1234,13800001054
testuser01055,Test1234,13800001055
testuser01056,Test1234,13800001056
testuser01057,Test1234,13800001057
testuser01058,Test1234,13800001058
testuser01059,Test1234,13800001059
testuser01060,Test1234,13800001060
testuser01061,Test1234,13800001061
testuser01062,Test1234,13800001062
testuser01063,Test1234,13800001063
testuser01064,Test1234,13800001064
testuser01065,Test1234,13800001065
testuser01066,Test1234,13800001066
testuser01067,Test1234,13800001067
testuser01068,Test1234,13800001068
testuser01069,Test1234,13800001069
testuser01070,Test1234,13800001070
testuser01071,Test1234,13800001071
testuser01072,Test1234,13800001072
testuser01073,Test1234,13800001073
testuser01074,Test1234,13800001074
testuser01075,Test1234,13800001075
testuser01076,Test1234,13800001076
testuser01077,Test1234,13800001077
testuser01078,Test1234,13800001078
testuser01079,Test1234,13800001079
testuser01080,Test1234,13800001080
testuser01081,Test1234,13800001081
testuser01082,Test1234,13800001082
testuser01083,Test1234,13800001083
testuser01084,Test1234,13800001084
testuser01085,Test1234,13800001085
testuser01086,Test1234,13800001086
testuser01087,Test1234,13800001087
testuser01088,Test1234,13800001088
testuser01089,Test1234,13800001089
testuser01090,Test1234,13800001090
testuser01091,Test1234,13800001091
testuser01092,Test1234,13800001092
testuser01093,Test1234,13800001093
testuser01094,Test1234,13800001094
testuser01095,Test1234,13800001095
testuser01096,Test1234,13800001096
testuser01097,Test1234,13800001097
testuser01098,Test1234,13800001098
testuser01099,Test1234,13800001099
testuser01100,Test1234,13800001100
testuser01101,Test1234,13800001101
testuser01102,Test1234,13800001102
testuser01103,Test1234,13800001103
testuser01104,Test1234,13800001104
testuser01105,Test1234,13800001105
testuser01106,Test1234,13800001106
testuser01107,Test1234,13800001107
testuser01108,Test1234,13800001108
testuser01109,Test1234,13800001109
testuser01110,Test1234,13800001110
testuser01111,Test1234,13800001111
testuser01112,Test1234,13800001112
testuser01113,Test1234,13800001113
testuser01114,Test1234,13800001114
testuser01115,Test1234,13800001115
testuser01116,Test1234,13800001116
testuser01117,Test1234,13800001117
testuser01118,Test1234,13800001118
testuser01119,Test1234,13800001119
testuser01120,Test1234,13800001120
testuser01121,Test1234,13800001121
testuser01122,Test1234,13800001122
testuser01123,Test1234,13800001123
testuser01124,Test1234,13800001124
testuser01125,Test1234,13800001125
testuser01126,Test1234,13800001126
testuser01127,Test1234,13800001127
testuser01128,Test1234,13800001128
testuser01129,Test1234,13800001129
testuser01130,Test1234,13800001130
testuser01131,Test1234,13800001131
testuser01132,Test1234,13800001132
testuser01133,Test1234,13800001133
testuser01134,Test1234,13800001134
testuser01135,Test1234,13800001135
testuser01136,Test1234,13800001136
testuser01137,Test1234,13800001137
testuser01138,Test1234,13800001138
testuser01139,Test1234,13800001139
testuser01140,Test1234,13800001140
testuser01141,Test1234,13800001141
testuser01142,Test1234,13800001142
testuser01143,Test1234,13800001143
testuser01144,Test1234,13800001144
testuser01145,Test1234,13800001145
testuser01146,Test1234,13800001146
testuser01147,Test1234,13800001147
testuser01148,Test1234,13800001148
testuser01149,Test1234,13800001149
testuser01150,Test1234,13800001150
testuser01151,Test1234,13800001151
testuser01152,Test1234,13800001152
testuser01153,Test1234,13800001153
testuser01154,Test1234,13800001154
testuser01155,Test1234,13800001155
testuser01156,Test1234,13800001156
testuser01157,Test1234,13800001157
testuser01158,Test1234,13800001158
testuser01159,Test1234,13800001159
testuser01160,Test1234,13800001160
testuser01161,Test1234,13800001161
testuser01162,Test1234,13800001162
testuser01163,Test1234,13800001163
testuser01164,Test1234,13800001164
testuser01165,Test1234,13800001165
testuser01166,Test1234,13800001166
testuser01167,Test1234,13800001167
testuser01168,Test1234,13800001168
testuser01169,Test1234,13800001169
testuser01170,Test1234,13800001170
testuser01171,Test1234,13800001171
testuser01172,Test1234,13800001172
testuser01173,Test1234,13800001173
testuser01174,Test1234,13800001174
testuser01175,Test1234,13800001175
testuser01176,Test1234,13800001176
testuser01177,Test1234,13800001177
testuser01178,Test1234,13800001178
testuser01179,Test1234,13800001179
testuser01180,Test1234,13800001180
testuser01181,Test1234,13800001181
testuser01182,Test1234,13800001182
testuser01183,Test1234,13800001183
testuser01184,Test1234,13800001184
testuser01185,Test1234,13800001185
testuser01186,Test1234,13800001186
testuser01187,Test1234,13800001187
testuser01188,Test1234,13800001188
testuser01189,Test1234,13800001189
testuser01190,Test1234,13800001190
testuser01191,Test1234,13800001191
testuser01192,Test1234,13800001192
testuser01193,Test1234,13800001193
testuser01194,Test1234,13800001194
testuser01195,Test1234,13800001195
testuser01196,Test1234,13800001196
testuser01197,Test1234,13800001197
testuser01198,Test1234,13800001198
testuser01199,Test1234,13800001199
testuser01200,Test1234,13800001200
testuser01201,Test1234,13800001201
testuser01202,Test1234,13800001202
testuser01203,Test1234,13800001203
testuser01204,Test1234,13800001204
testuser01205,Test1234,13800001205
testuser01206,Test1234,13800001206
testuser01207,Test1234,13800001207
testuser01208,Test1234,13800001208
testuser01209,Test1234,13800001209
testuser01210,Test1234,13800001210
testuser01211,Test1234,13800001211
testuser01212,Test1234,13800001212
testuser01213,Test1234,13800001213
testuser01214,Test1234,13800001214
testuser01215,Test1234,13800001215
testuser01216,Test1234,13800001216
testuser01217,Test1234,13800001217
testuser01218,Test1234,13800001218
testuser01219,Test1234,13800001219
testuser01220,Test1234,13800001220
testuser01221,Test1234,13800001221
testuser01222,Test1234,13800001222
testuser01223,Test1234,13800001223
testuser01224,Test1234,13800001224
testuser01225,Test1234,13800001225
testuser01226,Test1234,13800001226
testuser01227,Test1234,13800001227
testuser01228,Test1234,13800001228
testuser01229,Test1234,13800001229
testuser01230,Test1234,13800001230
testuser01231,Test1234,13800001231
testuser01232,Test1234,13800001232
testuser01233,Test1234,13800001233
testuser01234,Test1234,13800001234
testuser01235,Test1234,13800001235
testuser01236,Test1234,13800001236
testuser01237,Test1234,13800001237
testuser01238,Test1234,13800001238
testuser01239,Test1234,13800001239
testuser01240,Test1234,13800001240
testuser01241,Test1234,13800001241
testuser01242,Test1234,13800001242
testuser01243,Test1234,13800001243
testuser01244,Test1234,13800001244
testuser01245,Test1234,13800001245
testuser01246,Test1234,13800001246
testuser01247,Test1234,13800001247
testuser01248,Test1234,13800001248
testuser01249,Test1234,13800001249
testuser01250,Test1234,13800001250
testuser01251,Test1234,13800001251
testuser01252,Test1234,13800001252
testuser01253,Test1234,13800001253
testuser01254,Test1234,13800001254
testuser01255,Test1234,13800001255
testuser01256,Test1234,13800001256
testuser01257,Test1234,13800001257
testuser01258,Test1234,13800001258
testuser01259,Test1234,13800001259
testuser01260,Test1234,13800001260
testuser01261,Test1234,13800001261
testuser01262,Test1234,13800001262
testuser01263,Test1234,13800001263
testuser01264,Test1234,13800001264
testuser01265,Test1234,13800001265
testuser01266,Test1234,13800001266
testuser01267,Test1234,13800001267
testuser01268,Test1234,13800001268
testuser01269,Test1234,13800001269
testuser01270,Test1234,13800001270
testuser01271,Test1234,13800001271
testuser01272,Test1234,13800001272
testuser01273,Test1234,13800001273
testuser01274,Test1234,13800001274
testuser01275,Test1234,13800001275
testuser01276,Test1234,13800001276
testuser01277,Test1234,13800001277
testuser01278,Test1234,13800001278
testuser01279,Test1234,13800001279
testuser01280,Test1234,13800001280
testuser01281,Test1234,13800001281
testuser01282,Test1234,13800001282
testuser01283,Test1234,13800001283
testuser01284,Test1234,13800001284
testuser01285,Test1234,13800001285
testuser01286,Test1234,13800001286
testuser01287,Test1234,13800001287
testuser01288,Test1234,13800001288
testuser01289,Test1234,13800001289
testuser01290,Test1234,13800001290
testuser01291,Test1234,13800001291
testuser01292,Test1234,13800001292
testuser01293,Test1234,13800001293
testuser01294,Test1234,13800001294
testuser01295,Test1234,13800001295
testuser01296,Test1234,13800001296
testuser01297,Test1234,13800001297
testuser01298,Test1234,13800001298
testuser01299,Test1234,13800001299
testuser01300,Test1234,13800001300
testuser01301,Test1234,13800001301
testuser01302,Test1234,13800001302
testuser01303,Test1234,13800001303
testuser01304,Test1234,13800001304
testuser01305,Test1234,13800001305
testuser01306,Test1234,13800001306
testuser01307,Test1234,13800001307
testuser01308,Test1234,13800001308
testuser01309,Test1234,13800001309
testuser01310,Test1234,13800001310
testuser01311,Test1234,13800001311
testuser01312,Test1234,13800001312
testuser01313,Test1234,13800001313
testuser01314,Test1234,13800001314
testuser01315,Test1234,13800001315
testuser01316,Test1234,13800001316
testuser01317,Test1234,13800001317
testuser01318,Test1234,13800001318
testuser01319,Test1234,13800001319
testuser01320,Test1234,13800001320
testuser01321,Test1234,13800001321
testuser01322,Test1234,13800001322
testuser01323,Test1234,13800001323
testuser01324,Test1234,13800001324
testuser01325,Test1234,13800001325
testuser01326,Test1234,13800001326
testuser01327,Test1234,13800001327
testuser01328,Test1234,13800001328
testuser01329,Test1234,13800001329
testuser01330,Test1234,13800001330
testuser01331,Test1234,13800001331
testuser01332,Test1234,13800001332
testuser01333,Test1234,13800001333
testuser01334,Test1234,13800001334
testuser01335,Test1234,13800001335
testuser01336,Test1234,13800001336
testuser01337,Test1234,13800001337
testuser01338,Test1234,13800001338
testuser01339,Test1234,13800001339
testuser01340,Test1234,13800001340
testuser01341,Test1234,13800001341
testuser01342,Test1234,13800001342
testuser01343,Test1234,13800001343
testuser01344,Test1234,13800001344
testuser01345,Test1234,13800001345
testuser01346,Test1234,13800001346
testuser01347,Test1234,13800001347
testuser01348,Test1234,13800001348
testuser01349,Test1234,13800001349
testuser01350,Test1234,13800001350
testuser01351,Test1234,13800001351
testuser01352,Test1234,13800001352
testuser01353,Test1234,13800001353
testuser01354,Test1234,13800001354
testuser01355,Test1234,13800001355
testuser01356,Test1234,13800001356
testuser01357,Test1234,13800001357
testuser01358,Test1234,13800001358
testuser01359,Test1234,13800001359
testuser01360,Test1234,13800001360
testuser01361,Test1234,13800001361
testuser01362,Test1234,13800001362
testuser01363,Test1234,13800001363
testuser01364,Test1234,13800001364
testuser01365,Test1234,13800001365
testuser01366,Test1234,13800001366
testuser01367,Test1234,13800001367
testuser01368,Test1234,13800001368
testuser01369,Test1234,13800001369
testuser01370,Test1234,13800001370
testuser01371,Test1234,13800001371
testuser01372,Test1234,13800001372
testuser01373,Test1234,13800001373
testuser01374,Test1234,13800001374
testuser01375,Test1234,13800001375
testuser01376,Test1234,13800001376
testuser01377,Test1234,13800001377
testuser01378,Test1234,13800001378
testuser01379,Test1234,13800001379
testuser01380,Test1234,13800001380
testuser01381,Test1234,13800001381
testuser01382,Test1234,13800001382
testuser01383,Test1234,13800001383
testuser01384,Test1234,13800001384
testuser01385,Test1234,13800001385
testuser01386,Test1234,13800001386
testuser01387,Test1234,13800001387
testuser01388,Test1234,13800001388
testuser01389,Test1234,13800001389
testuser01390,Test1234,13800001390
testuser01391,Test1234,13800001391
testuser01392,Test1234,13800001392
testuser01393,Test1234,13800001393
testuser01394,Test1234,13800001394
testuser01395,Test1234,13800001395
testuser01396,Test1234,13800001396
testuser01397,Test1234,13800001397
testuser01398,Test1234,13800001398
testuser01399,Test1234,13800001399
testuser01400,Test1234,13800001400
testuser01401,Test1234,13800001401
testuser01402,Test1234,13800001402
testuser01403,Test1234,13800001403
testuser01404,Test1234,13800001404
testuser01405,Test1234,13800001405
testuser01406,Test1234,13800001406
testuser01407,Test1234,13800001407
testuser01408,Test1234,13800001408
testuser01409,Test1234,13800001409
testuser01410,Test1234,13800001410
testuser01411,Test1234,13800001411
testuser01412,Test1234,13800001412
testuser01413,Test1234,13800001413
testuser01414,Test1234,13800001414
testuser01415,Test1234,13800001415
testuser01416,Test1234,13800001416
testuser01417,Test1234,13800001417
testuser01418,Test1234,13800001418
testuser01419,Test1234,13800001419
testuser01420,Test1234,13800001420
testuser01421,Test1234,13800001421
testuser01422,Test1234,13800001422
testuser01423,Test1234,13800001423
testuser01424,Test1234,13800001424
testuser01425,Test1234,13800001425
testuser01426,Test1234,13800001426
testuser01427,Test1234,13800001427
testuser01428,Test1234,13800001428
testuser01429,Test1234,13800001429
testuser01430,Test1234,13800001430
testuser01431,Test1234,13800001431
testuser01432,Test1234,13800001432
testuser01433,Test1234,13800001433
testuser01434,Test1234,13800001434
testuser01435,Test1234,13800001435
testuser01436,Test1234,13800001436
testuser01437,Test1234,13800001437
testuser01438,Test1234,13800001438
testuser01439,Test1234,13800001439
testuser01440,Test1234,13800001440
testuser01441,Test1234,13800001441
testuser01442,Test1234,13800001442
testuser01443,Test1234,13800001443
testuser01444,Test1234,13800001444
testuser01445,Test1234,13800001445
testuser01446,Test1234,13800001446
testuser01447,Test1234,13800001447
testuser01448,Test1234,13800001448
testuser01449,Test1234,13800001449
testuser01450,Test1234,13800001450
testuser01451,Test1234,13800001451
testuser01452,Test1234,13800001452
testuser01453,Test1234,13800001453
testuser01454,Test1234,13800001454
testuser01455,Test1234,13800001455
testuser01456,Test1234,13800001456
testuser01457,Test1234,13800001457
testuser01458,Test1234,13800001458
testuser01459,Test1234,13800001459
testuser01460,Test1234,13800001460
testuser01461,Test1234,13800001461
testuser01462,Test1234,13800001462
testuser01463,Test1234,13800001463
testuser01464,Test1234,13800001464
testuser01465,Test1234,13800001465
testuser01466,Test1234,13800001466
testuser01467,Test1234,13800001467
testuser01468,Test1234,13800001468
testuser01469,Test1234,13800001469
testuser01470,Test1234,13800001470
testuser01471,Test1234,13800001471
testuser01472,Test1234,13800001472
testuser01473,Test1234,13800001473
testuser01474,Test1234,13800001474
testuser01475,Test1234,13800001475
testuser01476,Test1234,13800001476
testuser01477,Test1234,13800001477
testuser01478,Test1234,13800001478
testuser01479,Test1234,13800001479
testuser01480,Test1234,13800001480
testuser01481,Test1234,13800001481
testuser01482,Test1234,13800001482
testuser01483,Test1234,13800001483
testuser01484,Test1234,13800001484
testuser01485,Test1234,13800001485
testuser01486,Test1234,13800001486
testuser01487,Test1234,13800001487
testuser01488,Test1234,13800001488
testuser01489,Test1234,13800001489
testuser01490,Test1234,13800001490
testuser01491,Test1234,13800001491
testuser01492,Test1234,13800001492
testuser01493,Test1234,13800001493
testuser01494,Test1234,13800001494
testuser01495,Test1234,13800001495
testuser01496,Test1234,13800001496
testuser01497,Test1234,13800001497
testuser01498,Test1234,13800001498
testuser01499,Test1234,13800001499
testuser01500,Test1234,13800001500
testuser01501,Test1234,13800001501
testuser01502,Test1234,13800001502
testuser01503,Test1234,13800001503
testuser01504,Test1234,13800001504
testuser01505,Test1234,13800001505
testuser01506,Test1234,13800001506
testuser01507,Test1234,13800001507
testuser01508,Test1234,13800001508
testuser01509,Test1234,13800001509
testuser01510,Test1234,13800001510
testuser01511,Test1234,13800001511
testuser01512,Test1234,13800001512
testuser01513,Test1234,13800001513
testuser01514,Test1234,13800001514
testuser01515,Test1234,13800001515
testuser01516,Test1234,13800001516
testuser01517,Test1234,13800001517
testuser01518,Test1234,13800001518
testuser01519,Test1234,13800001519
testuser01520,Test1234,13800001520
testuser01521,Test1234,13800001521
testuser01522,Test1234,13800001522
testuser01523,Test1234,13800001523
testuser01524,Test1234,13800001524
testuser01525,Test1234,13800001525
testuser01526,Test1234,13800001526
testuser01527,Test1234,13800001527
testuser01528,Test1234,13800001528
testuser01529,Test1234,13800001529
testuser01530,Test1234,13800001530
testuser01531,Test1234,13800001531
testuser01532,Test1234,13800001532
testuser01533,Test1234,13800001533
testuser01534,Test1234,13800001534
testuser01535,Test1234,13800001535
testuser01536,Test1234,13800001536
testuser01537,Test1234,13800001537
testuser01538,Test1234,13800001538
testuser01539,Test1234,13800001539
testuser01540,Test1234,13800001540
testuser01541,Test1234,13800001541
testuser01542,Test1234,13800001542
testuser01543,Test1234,13800001543
testuser01544,Test1234,13800001544
testuser01545,Test1234,13800001545
testuser01546,Test1234,13800001546
testuser01547,Test1234,13800001547
testuser01548,Test1234,13800001548
testuser01549,Test1234,13800001549
testuser01550,Test1234,13800001550
testuser01551,Test1234,13800001551
testuser01552,Test1234,13800001552
testuser01553,Test1234,13800001553
testuser01554,Test1234,13800001554
testuser01555,Test1234,13800001555
testuser01556,Test1234,13800001556
testuser01557,Test1234,13800001557
testuser01558,Test1234,13800001558
testuser01559,Test1234,13800001559
testuser01560,Test1234,13800001560
testuser01561,Test1234,13800001561
testuser01562,Test1234,13800001562
testuser01563,Test1234,13800001563
testuser01564,Test1234,13800001564
testuser01565,Test1234,13800001565
testuser01566,Test1234,13800001566
testuser01567,Test1234,13800001567
testuser01568,Test1234,13800001568
testuser01569,Test1234,13800001569
testuser01570,Test1234,13800001570
testuser01571,Test1234,13800001571
testuser01572,Test1234,13800001572
testuser01573,Test1234,13800001573
testuser01574,Test1234,13800001574
testuser01575,Test1234,13800001575
testuser01576,Test1234,13800001576
testuser01577,Test1234,13800001577
testuser01578,Test1234,13800001578
testuser01579,Test1234,13800001579
testuser01580,Test1234,13800001580
testuser01581,Test1234,13800001581
testuser01582,Test1234,13800001582
testuser01583,Test1234,13800001583
testuser01584,Test1234,13800001584
testuser01585,Test1234,13800001585
testuser01586,Test1234,13800001586
testuser01587,Test1234,13800001587
testuser01588,Test1234,13800001588
testuser01589,Test1234,13800001589
testuser01590,Test1234,13800001590
testuser01591,Test1234,13800001591
testuser01592,Test1234,13800001592
testuser01593,Test1234,13800001593
testuser01594,Test1234,13800001594
testuser01595,Test1234,13800001595
testuser01596,Test1234,13800001596
testuser01597,Test1234,13800001597
testuser01598,Test1234,13800001598
testuser01599,Test1234,13800001599
testuser01600,Test1234,13800001600
testuser01601,Test1234,13800001601
testuser01602,Test1234,13800001602
testuser01603,Test1234,13800001603
testuser01604,Test1234,13800001604
testuser01605,Test1234,13800001605
testuser01606,Test1234,13800001606
testuser01607,Test1234,13800001607
testuser01608,Test1234,13800001608
testuser01609,Test1234,13800001609
testuser01610,Test1234,13800001610
testuser01611,Test1234,13800001611
testuser01612,Test1234,13800001612
testuser01613,Test1234,13800001613
testuser01614,Test1234,13800001614
testuser01615,Test1234,13800001615
testuser01616,Test1234,13800001616
testuser01617,Test1234,13800001617
testuser01618,Test1234,13800001618
testuser01619,Test1234,13800001619
testuser01620,Test1234,13800001620
testuser01621,Test1234,13800001621
testuser01622,Test1234,13800001622
testuser01623,Test1234,13800001623
testuser01624,Test1234,13800001624
testuser01625,Test1234,13800001625
testuser01626,Test1234,13800001626
testuser01627,Test1234,13800001627
testuser01628,Test1234,13800001628
testuser01629,Test1234,13800001629
testuser01630,Test1234,13800001630
testuser01631,Test1234,13800001631
testuser01632,Test1234,13800001632
testuser01633,Test1234,13800001633
testuser01634,Test1234,13800001634
testuser01635,Test1234,13800001635
testuser01636,Test1234,13800001636
testuser01637,Test1234,13800001637
testuser01638,Test1234,13800001638
testuser01639,Test1234,13800001639
testuser01640,Test1234,13800001640
testuser01641,Test1234,13800001641
testuser01642,Test1234,13800001642
testuser01643,Test1234,13800001643
testuser01644,Test1234,13800001644
testuser01645,Test1234,13800001645
testuser01646,Test1234,13800001646
testuser01647,Test1234,13800001647
testuser01648,Test1234,13800001648
testuser01649,Test1234,13800001649
testuser01650,Test1234,13800001650
testuser01651,Test1234,13800001651
testuser01652,Test1234,13800001652
testuser01653,Test1234,13800001653
testuser01654,Test1234,13800001654
testuser01655,Test1234,13800001655
testuser01656,Test1234,13800001656
testuser01657,Test1234,13800001657
testuser01658,Test1234,13800001658
testuser01659,Test1234,13800001659
testuser01660,Test1234,13800001660
testuser01661,Test1234,13800001661
testuser01662,Test1234,13800001662
testuser01663,Test1234,13800001663
testuser01664,Test1234,13800001664
testuser01665,Test1234,13800001665
testuser01666,Test1234,13800001666
testuser01667,Test1234,13800001667
testuser01668,Test1234,13800001668
testuser01669,Test1234,13800001669
testuser01670,Test1234,13800001670
testuser01671,Test1234,13800001671
testuser01672,Test1234,13800001672
testuser01673,Test1234,13800001673
testuser01674,Test1234,13800001674
testuser01675,Test1234,13800001675
testuser01676,Test1234,13800001676
testuser01677,Test1234,13800001677
testuser01678,Test1234,13800001678
testuser01679,Test1234,13800001679
testuser01680,Test1234,13800001680
testuser01681,Test1234,13800001681
testuser01682,Test1234,13800001682
testuser01683,Test1234,13800001683
testuser01684,Test1234,13800001684
testuser01685,Test1234,13800001685
testuser01686,Test1234,13800001686
testuser01687,Test1234,13800001687
testuser01688,Test1234,13800001688
testuser01689,Test1234,13800001689
testuser01690,Test1234,13800001690
testuser01691,Test1234,13800001691
testuser01692,Test1234,13800001692
testuser01693,Test1234,13800001693
testuser01694,Test1234,13800001694
testuser01695,Test1234,13800001695
testuser01696,Test1234,13800001696
testuser01697,Test1234,13800001697
testuser01698,Test1234,13800001698
testuser01699,Test1234,13800001699
testuser01700,Test1234,13800001700
testuser01701,Test1234,13800001701
testuser01702,Test1234,13800001702
testuser01703,Test1234,13800001703
testuser01704,Test1234,13800001704
testuser01705,Test1234,13800001705
testuser01706,Test1234,13800001706
testuser01707,Test1234,13800001707
testuser01708,Test1234,13800001708
testuser01709,Test1234,13800001709
testuser01710,Test1234,13800001710
testuser01711,Test1234,13800001711
testuser01712,Test1234,13800001712
testuser01713,Test1234,13800001713
testuser01714,Test1234,13800001714
testuser01715,Test1234,13800001715
testuser01716,Test1234,13800001716
testuser01717,Test1234,13800001717
testuser01718,Test1234,13800001718
testuser01719,Test1234,13800001719
testuser01720,Test1234,13800001720
testuser01721,Test1234,13800001721
testuser01722,Test1234,13800001722
testuser01723,Test1234,13800001723
testuser01724,Test1234,13800001724
testuser01725,Test1234,13800001725
testuser01726,Test1234,13800001726
testuser01727,Test1234,13800001727
testuser01728,Test1234,13800001728
testuser01729,Test1234,13800001729
testuser01730,Test1234,13800001730
testuser01731,Test1234,13800001731
testuser01732,Test1234,13800001732
testuser01733,Test1234,13800001733
testuser01734,Test1234,13800001734
testuser01735,Test1234,13800001735
testuser01736,Test1234,13800001736
testuser01737,Test1234,13800001737
testuser01738,Test1234,13800001738
testuser01739,Test1234,13800001739
testuser01740,Test1234,13800001740
testuser01741,Test1234,13800001741
testuser01742,Test1234,13800001742
testuser01743,Test1234,13800001743
testuser01744,Test1234,13800001744
testuser01745,Test1234,13800001745
testuser01746,Test1234,13800001746
testuser01747,Test1234,13800001747
testuser01748,Test1234,13800001748
testuser01749,Test1234,13800001749
testuser01750,Test1234,13800001750
testuser01751,Test1234,13800001751
testuser01752,Test1234,13800001752
testuser01753,Test1234,13800001753
testuser01754,Test1234,13800001754
testuser01755,Test1234,13800001755
testuser01756,Test1234,13800001756
testuser01757,Test1234,13800001757
testuser01758,Test1234,13800001758
testuser01759,Test1234,13800001759
testuser01760,Test1234,13800001760
testuser01761,Test1234,13800001761
testuser01762,Test1234,13800001762
testuser01763,Test1234,13800001763
testuser01764,Test1234,13800001764
testuser01765,Test1234,13800001765
testuser01766,Test1234,13800001766
testuser01767,Test1234,13800001767
testuser01768,Test1234,13800001768
testuser01769,Test1234,13800001769
testuser01770,Test1234,13800001770
testuser01771,Test1234,13800001771
testuser01772,Test1234,13800001772
testuser01773,Test1234,13800001773
testuser01774,Test1234,13800001774
testuser01775,Test1234,13800001775
testuser01776,Test1234,13800001776
testuser01777,Test1234,13800001777
testuser01778,Test1234,13800001778
testuser01779,Test1234,13800001779
testuser01780,Test1234,13800001780
testuser01781,Test1234,13800001781
testuser01782,Test1234,13800001782
testuser01783,Test1234,13800001783
testuser01784,Test1234,13800001784
testuser01785,Test1234,13800001785
testuser01786,Test1234,13800001786
testuser01787,Test1234,13800001787
testuser01788,Test1234,13800001788
testuser01789,Test1234,13800001789
testuser01790,Test1234,13800001790
testuser01791,Test1234,13800001791
testuser01792,Test1234,13800001792
testuser01793,Test1234,13800001793
testuser01794,Test1234,13800001794
testuser01795,Test1234,13800001795
testuser01796,Test1234,13800001796
testuser01797,Test1234,13800001797
testuser01798,Test1234,13800001798
testuser01799,Test1234,13800001799
testuser01800,Test1234,13800001800
testuser01801,Test1234,13800001801
testuser01802,Test1234,13800001802
testuser01803,Test1234,13800001803
testuser01804,Test1234,13800001804
testuser01805,Test1234,13800001805
testuser01806,Test1234,13800001806
testuser01807,Test1234,13800001807
testuser01808,Test1234,13800001808
testuser01809,Test1234,13800001809
testuser01810,Test1234,13800001810
testuser01811,Test1234,13800001811
testuser01812,Test1234,13800001812
testuser01813,Test1234,13800001813
testuser01814,Test1234,13800001814
testuser01815,Test1234,13800001815
testuser01816,Test1234,13800001816
testuser01817,Test1234,13800001817
testuser01818,Test1234,13800001818
testuser01819,Test1234,13800001819
testuser01820,Test1234,13800001820
testuser01821,Test1234,13800001821
testuser01822,Test1234,13800001822
testuser01823,Test1234,13800001823
testuser01824,Test1234,13800001824
testuser01825,Test1234,13800001825
testuser01826,Test1234,13800001826
testuser01827,Test1234,13800001827
testuser01828,Test1234,13800001828
testuser01829,Test1234,13800001829
testuser01830,Test1234,13800001830
testuser01831,Test1234,13800001831
testuser01832,Test1234,13800001832
testuser01833,Test1234,13800001833
testuser01834,Test1234,13800001834
testuser01835,Test1234,13800001835
testuser01836,Test1234,13800001836
testuser01837,Test1234,13800001837
testuser01838,Test1234,13800001838
testuser01839,Test1234,13800001839
testuser01840,Test1234,13800001840
testuser01841,Test1234,13800001841
testuser01842,Test1234,13800001842
testuser01843,Test1234,13800001843
testuser01844,Test1234,13800001844
testuser01845,Test1234,13800001845
testuser01846,Test1234,13800001846
testuser01847,Test1234,13800001847
testuser01848,Test1234,13800001848
testuser01849,Test1234,13800001849
testuser01850,Test1234,13800001850
testuser01851,Test1234,13800001851
testuser01852,Test1234,13800001852
testuser01853,Test1234,13800001853
testuser01854,Test1234,13800001854
testuser01855,Test1234,13800001855
testuser01856,Test1234,13800001856
testuser01857,Test1234,13800001857
testuser01858,Test1234,13800001858
testuser01859,Test1234,13800001859
testuser01860,Test1234,13800001860
testuser01861,Test1234,13800001861
testuser01862,Test1234,13800001862
testuser01863,Test1234,13800001863
testuser01864,Test1234,13800001864
testuser01865,Test1234,13800001865
testuser01866,Test1234,13800001866
testuser01867,Test1234,13800001867
testuser01868,Test1234,13800001868
testuser01869,Test1234,13800001869
testuser01870,Test1234,13800001870
testuser01871,Test1234,13800001871
testuser01872,Test1234,13800001872
testuser01873,Test1234,13800001873
testuser01874,Test1234,13800001874
testuser01875,Test1234,13800001875
testuser01876,Test1234,13800001876
testuser01877,Test1234,13800001877
testuser01878,Test1234,13800001878
testuser01879,Test1234,13800001879
testuser01880,Test1234,13800001880
testuser01881,Test1234,13800001881
testuser01882,Test1234,13800001882
testuser01883,Test1234,13800001883
testuser01884,Test1234,13800001884
testuser01885,Test1234,13800001885
testuser01886,Test1234,13800001886
testuser01887,Test1234,13800001887
testuser01888,Test1234,13800001888
testuser01889,Test1234,13800001889
testuser01890,Test1234,13800001890
testuser01891,Test1234,13800001891
testuser01892,Test1234,13800001892
testuser01893,Test1234,13800001893
testuser01894,Test1234,13800001894
testuser01895,Test1234,13800001895
testuser01896,Test1234,13800001896
testuser01897,Test1234,13800001897
testuser01898,Test1234,13800001898
testuser01899,Test1234,13800001899
testuser01900,Test1234,13800001900
testuser01901,Test1234,13800001901
testuser01902,Test1234,13800001902
testuser01903,Test1234,13800001903
testuser01904,Test1234,13800001904
testuser01905,Test1234,13800001905
testuser01906,Test1234,13800001906
testuser01907,Test1234,13800001907
testuser01908,Test1234,13800001908
testuser01909,Test1234,13800001909
testuser01910,Test1234,13800001910
testuser01911,Test1234,13800001911
testuser01912,Test1234,13800001912
testuser01913,Test1234,13800001913
testuser01914,Test1234,13800001914
testuser01915,Test1234,13800001915
testuser01916,Test1234,13800001916
testuser01917,Test1234,13800001917
testuser01918,Test1234,13800001918
testuser01919,Test1234,13800001919
testuser01920,Test1234,13800001920
testuser01921,Test1234,13800001921
testuser01922,Test1234,13800001922
testuser01923,Test1234,13800001923
testuser01924,Test1234,13800001924
testuser01925,Test1234,13800001925
testuser01926,Test1234,13800001926
testuser01927,Test1234,13800001927
testuser01928,Test1234,13800001928
testuser01929,Test1234,13800001929
testuser01930,Test1234,13800001930
testuser01931,Test1234,13800001931
testuser01932,Test1234,13800001932
testuser01933,Test1234,13800001933
testuser01934,Test1234,13800001934
testuser01935,Test1234,13800001935
testuser01936,Test1234,13800001936
testuser01937,Test1234,13800001937
testuser01938,Test1234,13800001938
testuser01939,Test1234,13800001939
testuser01940,Test1234,13800001940
testuser01941,Test1234,13800001941
testuser01942,Test1234,13800001942
testuser01943,Test1234,13800001943
testuser01944,Test1234,13800001944
testuser01945,Test1234,13800001945
testuser01946,Test1234,13800001946
testuser01947,Test1234,13800001947
testuser01948,Test1234,13800001948
testuser01949,Test1234,13800001949
testuser01950,Test1234,13800001950
testuser01951,Test1234,13800001951
testuser01952,Test1234,13800001952
testuser01953,Test1234,13800001953
testuser01954,Test1234,13800001954
testuser01955,Test1234,13800001955
testuser01956,Test1234,13800001956
testuser01957,Test1234,13800001957
testuser01958,Test1234,13800001958
testuser01959,Test1234,13800001959
testuser01960,Test1234,13800001960
testuser01961,Test1234,13800001961
testuser01962,Test1234,13800001962
testuser01963,Test1234,13800001963
testuser01964,Test1234,13800001964
testuser01965,Test1234,13800001965
testuser01966,Test1234,13800001966
testuser01967,Test1234,13800001967
testuser01968,Test1234,13800001968
testuser01969,Test1234,13800001969
testuser01970,Test1234,13800001970
testuser01971,Test1234,13800001971
testuser01972,Test1234,13800001972
testuser01973,Test1234,13800001973
testuser01974,Test1234,13800001974
testuser01975,Test1234,13800001975
testuser01976,Test1234,13800001976
testuser01977,Test1234,13800001977
testuser01978,Test1234,13800001978
testuser01979,Test1234,13800001979
testuser01980,Test1234,13800001980
testuser01981,Test1234,13800001981
testuser01982,Test1234,13800001982
testuser01983,Test1234,13800001983
testuser01984,Test1234,13800001984
testuser01985,Test1234,13800001985
testuser01986,Test1234,13800001986
testuser01987,Test1234,13800001987
testuser01988,Test1234,13800001988
testuser01989,Test1234,13800001989
testuser01990,Test1234,13800001990
testuser01991,Test1234,13800001991
testuser01992,Test1234,13800001992
testuser01993,Test1234,13800001993
testuser01994,Test1234,13800001994
testuser01995,Test1234,13800001995
testuser01996,Test1234,13800001996
testuser01997,Test1234,13800001997
testuser01998,Test1234,13800001998
testuser01999,Test1234,13800001999
testuser02000,Test1234,13800002000
testuser02001,Test1234,13800002001
testuser02002,Test1234,13800002002
testuser02003,Test1234,13800002003
testuser02004,Test1234,13800002004
testuser02005,Test1234,13800002005
testuser02006,Test1234,13800002006
testuser02007,Test1234,13800002007
testuser02008,Test1234,13800002008
testuser02009,Test1234,13800002009
testuser02010,Test1234,13800002010
testuser02011,Test1234,13800002011
testuser02012,Test1234,13800002012
testuser02013,Test1234,13800002013
testuser02014,Test1234,13800002014
testuser02015,Test1234,13800002015
testuser02016,Test1234,13800002016
testuser02017,Test1234,13800002017
testuser02018,Test1234,13800002018
testuser02019,Test1234,13800002019
testuser02020,Test1234,13800002020
testuser02021,Test1234,13800002021
testuser02022,Test1234,13800002022
testuser02023,Test1234,13800002023
testuser02024,Test1234,13800002024
testuser02025,Test1234,13800002025
testuser02026,Test1234,13800002026
testuser02027,Test1234,13800002027
testuser02028,Test1234,13800002028
testuser02029,Test1234,13800002029
testuser02030,Test1234,13800002030
testuser02031,Test1234,13800002031
testuser02032,Test1234,13800002032
testuser02033,Test1234,13800002033
testuser02034,Test1234,13800002034
testuser02035,Test1234,13800002035
testuser02036,Test1234,13800002036
testuser02037,Test1234,13800002037
testuser02038,Test1234,13800002038
testuser02039,Test1234,13800002039
testuser02040,Test1234,13800002040
testuser02041,Test1234,13800002041
testuser02042,Test1234,13800002042
testuser02043,Test1234,13800002043
testuser02044,Test1234,13800002044
testuser02045,Test1234,13800002045
testuser02046,Test1234,13800002046
testuser02047,Test1234,13800002047
testuser02048,Test1234,13800002048
testuser02049,Test1234,13800002049
testuser02050,Test1234,13800002050
testuser02051,Test1234,13800002051
testuser02052,Test1234,13800002052
testuser02053,Test1234,13800002053
testuser02054,Test1234,13800002054
testuser02055,Test1234,13800002055
testuser02056,Test1234,13800002056
testuser02057,Test1234,13800002057
testuser02058,Test1234,13800002058
testuser02059,Test1234,13800002059
testuser02060,Test1234,13800002060
testuser02061,Test1234,13800002061
testuser02062,Test1234,13800002062
testuser02063,Test1234,13800002063
testuser02064,Test1234,13800002064
testuser02065,Test1234,13800002065
testuser02066,Test1234,13800002066
testuser02067,Test1234,13800002067
testuser02068,Test1234,13800002068
testuser02069,Test1234,13800002069
testuser02070,Test1234,13800002070
testuser02071,Test1234,13800002071
testuser02072,Test1234,13800002072
testuser02073,Test1234,13800002073
testuser02074,Test1234,13800002074
testuser02075,Test1234,13800002075
testuser02076,Test1234,13800002076
testuser02077,Test1234,13800002077
testuser02078,Test1234,13800002078
testuser02079,Test1234,13800002079
testuser02080,Test1234,13800002080
testuser02081,Test1234,13800002081
testuser02082,Test1234,13800002082
testuser02083,Test1234,13800002083
testuser02084,Test1234,13800002084
testuser02085,Test1234,13800002085
testuser02086,Test1234,13800002086
testuser02087,Test1234,13800002087
testuser02088,Test1234,13800002088
testuser02089,Test1234,13800002089
testuser02090,Test1234,13800002090
testuser02091,Test1234,13800002091
testuser02092,Test1234,13800002092
testuser02093,Test1234,13800002093
testuser02094,Test1234,13800002094
testuser02095,Test1234,13800002095
testuser02096,Test1234,13800002096
testuser02097,Test1234,13800002097
testuser02098,Test1234,13800002098
testuser02099,Test1234,13800002099
testuser02100,Test1234,13800002100
testuser02101,Test1234,13800002101
testuser02102,Test1234,13800002102
testuser02103,Test1234,13800002103
testuser02104,Test1234,13800002104
testuser02105,Test1234,13800002105
testuser02106,Test1234,13800002106
testuser02107,Test1234,13800002107
testuser02108,Test1234,13800002108
testuser02109,Test1234,13800002109
testuser02110,Test1234,13800002110
testuser02111,Test1234,13800002111
testuser02112,Test1234,13800002112
testuser02113,Test1234,13800002113
testuser02114,Test1234,13800002114
testuser02115,Test1234,13800002115
testuser02116,Test1234,13800002116
testuser02117,Test1234,13800002117
testuser02118,Test1234,13800002118
testuser02119,Test1234,13800002119
testuser02120,Test1234,13800002120
testuser02121,Test1234,13800002121
testuser02122,Test1234,13800002122
testuser02123,Test1234,13800002123
testuser02124,Test1234,13800002124
testuser02125,Test1234,13800002125
testuser02126,Test1234,13800002126
testuser02127,Test1234,13800002127
testuser02128,Test1234,13800002128
testuser02129,Test1234,13800002129
testuser02130,Test1234,13800002130
testuser02131,Test1234,13800002131
testuser02132,Test1234,13800002132
testuser02133,Test1234,13800002133
testuser02134,Test1234,13800002134
testuser02135,Test1234,13800002135
testuser02136,Test1234,13800002136
testuser02137,Test1234,13800002137
testuser02138,Test1234,13800002138
testuser02139,Test1234,13800002139
testuser02140,Test1234,13800002140
testuser02141,Test1234,13800002141
testuser02142,Test1234,13800002142
testuser02143,Test1234,13800002143
testuser02144,Test1234,13800002144
testuser02145,Test1234,13800002145
testuser02146,Test1234,13800002146
testuser02147,Test1234,13800002147
testuser02148,Test1234,13800002148
testuser02149,Test1234,13800002149
testuser02150,Test1234,13800002150
testuser02151,Test1234,13800002151
testuser02152,Test1234,13800002152
testuser02153,Test1234,13800002153
testuser02154,Test1234,13800002154
testuser02155,Test1234,13800002155
testuser02156,Test1234,13800002156
testuser02157,Test1234,13800002157
testuser02158,Test1234,13800002158
testuser02159,Test1234,13800002159
testuser02160,Test1234,13800002160
testuser02161,Test1234,13800002161
testuser02162,Test1234,13800002162
testuser02163,Test1234,13800002163
testuser02164,Test1234,13800002164
testuser02165,Test1234,13800002165
testuser02166,Test1234,13800002166
testuser02167,Test1234,13800002167
testuser02168,Test1234,13800002168
testuser02169,Test1234,13800002169
testuser02170,Test1234,13800002170
testuser02171,Test1234,13800002171
testuser02172,Test1234,13800002172
testuser02173,Test1234,13800002173
testuser02174,Test1234,13800002174
testuser02175,Test1234,13800002175
testuser02176,Test1234,13800002176
testuser02177,Test1234,13800002177
testuser02178,Test1234,13800002178
testuser02179,Test1234,13800002179
testuser02180,Test1234,13800002180
testuser02181,Test1234,13800002181
testuser02182,Test1234,13800002182
testuser02183,Test1234,13800002183
testuser02184,Test1234,13800002184
testuser02185,Test1234,13800002185
testuser02186,Test1234,13800002186
testuser02187,Test1234,13800002187
testuser02188,Test1234,13800002188
testuser02189,Test1234,13800002189
testuser02190,Test1234,13800002190
testuser02191,Test1234,13800002191
testuser02192,Test1234,13800002192
testuser02193,Test1234,13800002193
testuser02194,Test1234,13800002194
testuser02195,Test1234,13800002195
testuser02196,Test1234,13800002196
testuser02197,Test1234,13800002197
testuser02198,Test1234,13800002198
testuser02199,Test1234,13800002199
testuser02200,Test1234,13800002200
testuser02201,Test1234,13800002201
testuser02202,Test1234,13800002202
testuser02203,Test1234,13800002203
testuser02204,Test1234,13800002204
testuser02205,Test1234,13800002205
testuser02206,Test1234,13800002206
testuser02207,Test1234,13800002207
testuser02208,Test1234,13800002208
testuser02209,Test1234,13800002209
testuser02210,Test1234,13800002210
testuser02211,Test1234,13800002211
testuser02212,Test1234,13800002212
testuser02213,Test1234,13800002213
testuser02214,Test1234,13800002214
testuser02215,Test1234,13800002215
testuser02216,Test1234,13800002216
testuser02217,Test1234,13800002217
testuser02218,Test1234,13800002218
testuser02219,Test1234,13800002219
testuser02220,Test1234,13800002220
testuser02221,Test1234,13800002221
testuser02222,Test1234,13800002222
testuser02223,Test1234,13800002223
testuser02224,Test1234,13800002224
testuser02225,Test1234,13800002225
testuser02226,Test1234,13800002226
testuser02227,Test1234,13800002227
testuser02228,Test1234,13800002228
testuser02229,Test1234,13800002229
testuser02230,Test1234,13800002230
testuser02231,Test1234,13800002231
testuser02232,Test1234,13800002232
testuser02233,Test1234,13800002233
testuser02234,Test1234,13800002234
testuser02235,Test1234,13800002235
testuser02236,Test1234,13800002236
testuser02237,Test1234,13800002237
testuser02238,Test1234,13800002238
testuser02239,Test1234,13800002239
testuser02240,Test1234,13800002240
testuser02241,Test1234,13800002241
testuser02242,Test1234,13800002242
testuser02243,Test1234,13800002243
testuser02244,Test1234,13800002244
testuser02245,Test1234,13800002245
testuser02246,Test1234,13800002246
testuser02247,Test1234,13800002247
testuser02248,Test1234,13800002248
testuser02249,Test1234,13800002249
testuser02250,Test1234,13800002250
testuser02251,Test1234,13800002251
testuser02252,Test1234,13800002252
testuser02253,Test1234,13800002253
testuser02254,Test1234,13800002254
testuser02255,Test1234,13800002255
testuser02256,Test1234,13800002256
testuser02257,Test1234,13800002257
testuser02258,Test1234,13800002258
testuser02259,Test1234,13800002259
testuser02260,Test1234,13800002260
testuser02261,Test1234,13800002261
testuser02262,Test1234,13800002262
testuser02263,Test1234,13800002263
testuser02264,Test1234,13800002264
testuser02265,Test1234,13800002265
testuser02266,Test1234,13800002266
testuser02267,Test1234,13800002267
testuser02268,Test1234,13800002268
testuser02269,Test1234,13800002269
testuser02270,Test1234,13800002270
testuser02271,Test1234,13800002271
testuser02272,Test1234,13800002272
testuser02273,Test1234,13800002273
testuser02274,Test1234,13800002274
testuser02275,Test1234,13800002275
testuser02276,Test1234,13800002276
testuser02277,Test1234,13800002277
testuser02278,Test1234,13800002278
testuser02279,Test1234,13800002279
testuser02280,Test1234,13800002280
testuser02281,Test1234,13800002281
testuser02282,Test1234,13800002282
testuser02283,Test1234,13800002283
testuser02284,Test1234,13800002284
testuser02285,Test1234,13800002285
testuser02286,Test1234,13800002286
testuser02287,Test1234,13800002287
testuser02288,Test1234,13800002288
testuser02289,Test1234,13800002289
testuser02290,Test1234,13800002290
testuser02291,Test1234,13800002291
testuser02292,Test1234,13800002292
testuser02293,Test1234,13800002293
testuser02294,Test1234,13800002294
testuser02295,Test1234,13800002295
testuser02296,Test1234,13800002296
testuser02297,Test1234,13800002297
testuser02298,Test1234,13800002298
testuser02299,Test1234,13800002299
testuser02300,Test1234,13800002300
testuser02301,Test1234,13800002301
testuser02302,Test1234,13800002302
testuser02303,Test1234,13800002303
testuser02304,Test1234,13800002304
testuser02305,Test1234,13800002305
testuser02306,Test1234,13800002306
testuser02307,Test1234,13800002307
testuser02308,Test1234,13800002308
testuser02309,Test1234,13800002309
testuser02310,Test1234,13800002310
testuser02311,Test1234,13800002311
testuser02312,Test1234,13800002312
testuser02313,Test1234,13800002313
testuser02314,Test1234,13800002314
testuser02315,Test1234,13800002315
testuser02316,Test1234,13800002316
testuser02317,Test1234,13800002317
testuser02318,Test1234,13800002318
testuser02319,Test1234,13800002319
testuser02320,Test1234,13800002320
testuser02321,Test1234,13800002321
testuser02322,Test1234,13800002322
testuser02323,Test1234,13800002323
testuser02324,Test1234,13800002324
testuser02325,Test1234,13800002325
testuser02326,Test1234,13800002326
testuser02327,Test1234,13800002327
testuser02328,Test1234,13800002328
testuser02329,Test1234,13800002329
testuser02330,Test1234,13800002330
testuser02331,Test1234,13800002331
testuser02332,Test1234,13800002332
testuser02333,Test1234,13800002333
testuser02334,Test1234,13800002334
testuser02335,Test1234,13800002335
testuser02336,Test1234,13800002336
testuser02337,Test1234,13800002337
testuser02338,Test1234,13800002338
testuser02339,Test1234,13800002339
testuser02340,Test1234,13800002340
testuser02341,Test1234,13800002341
testuser02342,Test1234,13800002342
testuser02343,Test1234,13800002343
testuser02344,Test1234,13800002344
testuser02345,Test1234,13800002345
testuser02346,Test1234,13800002346
testuser02347,Test1234,13800002347
testuser02348,Test1234,13800002348
testuser02349,Test1234,13800002349
testuser02350,Test1234,13800002350
testuser02351,Test1234,13800002351
testuser02352,Test1234,13800002352
testuser02353,Test1234,13800002353
testuser02354,Test1234,13800002354
testuser02355,Test1234,13800002355
testuser02356,Test1234,13800002356
testuser02357,Test1234,13800002357
testuser02358,Test1234,13800002358
testuser02359,Test1234,13800002359
testuser02360,Test1234,13800002360
testuser02361,Test1234,13800002361
testuser02362,Test1234,13800002362
testuser02363,Test1234,13800002363
testuser02364,Test1234,13800002364
testuser02365,Test1234,13800002365
testuser02366,Test1234,13800002366
testuser02367,Test1234,13800002367
testuser02368,Test1234,13800002368
testuser02369,Test1234,13800002369
testuser02370,Test1234,13800002370
testuser02371,Test1234,13800002371
testuser02372,Test1234,13800002372
testuser02373,Test1234,13800002373
testuser02374,Test1234,13800002374
testuser02375,Test1234,13800002375
testuser02376,Test1234,13800002376
testuser02377,Test1234,13800002377
testuser02378,Test1234,13800002378
testuser02379,Test1234,13800002379
testuser02380,Test1234,13800002380
testuser02381,Test1234,13800002381
testuser02382,Test1234,13800002382
testuser02383,Test1234,13800002383
testuser02384,Test1234,13800002384
testuser02385,Test1234,13800002385
testuser02386,Test1234,13800002386
testuser02387,Test1234,13800002387
testuser02388,Test1234,13800002388
testuser02389,Test1234,13800002389
testuser02390,Test1234,13800002390
testuser02391,Test1234,13800002391
testuser02392,Test1234,13800002392
testuser02393,Test1234,13800002393
testuser02394,Test1234,13800002394
testuser02395,Test1234,13800002395
testuser02396,Test1234,13800002396
testuser02397,Test1234,13800002397
testuser02398,Test1234,13800002398
testuser02399,Test1234,13800002399
testuser02400,Test1234,13800002400
testuser02401,Test1234,13800002401
testuser02402,Test1234,13800002402
testuser02403,Test1234,13800002403
testuser02404,Test1234,13800002404
testuser02405,Test1234,13800002405
testuser02406,Test1234,13800002406
testuser02407,Test1234,13800002407
testuser02408,Test1234,13800002408
testuser02409,Test1234,13800002409
testuser02410,Test1234,13800002410
testuser02411,Test1234,13800002411
testuser02412,Test1234,13800002412
testuser02413,Test1234,13800002413
testuser02414,Test1234,13800002414
testuser02415,Test1234,13800002415
testuser02416,Test1234,13800002416
testuser02417,Test1234,13800002417
testuser02418,Test1234,13800002418
testuser02419,Test1234,13800002419
testuser02420,Test1234,13800002420
testuser02421,Test1234,13800002421
testuser02422,Test1234,13800002422
testuser02423,Test1234,13800002423
testuser02424,Test1234,13800002424
testuser02425,Test1234,13800002425
testuser02426,Test1234,13800002426
testuser02427,Test1234,13800002427
testuser02428,Test1234,13800002428
testuser02429,Test1234,13800002429
testuser02430,Test1234,13800002430
testuser02431,Test1234,13800002431
testuser02432,Test1234,13800002432
testuser02433,Test1234,13800002433
testuser02434,Test1234,13800002434
testuser02435,Test1234,13800002435
testuser02436,Test1234,13800002436
testuser02437,Test1234,13800002437
testuser02438,Test1234,13800002438
testuser02439,Test1234,13800002439
testuser02440,Test1234,13800002440
testuser02441,Test1234,13800002441
testuser02442,Test1234,13800002442
testuser02443,Test1234,13800002443
testuser02444,Test1234,13800002444
testuser02445,Test1234,13800002445
testuser02446,Test1234,13800002446
testuser02447,Test1234,13800002447
testuser02448,Test1234,13800002448
testuser02449,Test1234,13800002449
testuser02450,Test1234,13800002450
testuser02451,Test1234,13800002451
testuser02452,Test1234,13800002452
testuser02453,Test1234,13800002453
testuser02454,Test1234,13800002454
testuser02455,Test1234,13800002455
testuser02456,Test1234,13800002456
testuser02457,Test1234,13800002457
testuser02458,Test1234,13800002458
testuser02459,Test1234,13800002459
testuser02460,Test1234,13800002460
testuser02461,Test1234,13800002461
testuser02462,Test1234,13800002462
testuser02463,Test1234,13800002463
testuser02464,Test1234,13800002464
testuser02465,Test1234,13800002465
testuser02466,Test1234,13800002466
testuser02467,Test1234,13800002467
testuser02468,Test1234,13800002468
testuser02469,Test1234,13800002469
testuser02470,Test1234,13800002470
testuser02471,Test1234,13800002471
testuser02472,Test1234,13800002472
testuser02473,Test1234,13800002473
testuser02474,Test1234,13800002474
testuser02475,Test1234,13800002475
testuser02476,Test1234,13800002476
testuser02477,Test1234,13800002477
testuser02478,Test1234,13800002478
testuser02479,Test1234,13800002479
testuser02480,Test1234,13800002480
testuser02481,Test1234,13800002481
testuser02482,Test1234,13800002482
testuser02483,Test1234,13800002483
testuser02484,Test1234,13800002484
testuser02485,Test1234,13800002485
testuser02486,Test1234,13800002486
testuser02487,Test1234,13800002487
testuser02488,Test1234,13800002488
testuser02489,Test1234,13800002489
testuser02490,Test1234,13800002490
testuser02491,Test1234,13800002491
testuser02492,Test1234,13800002492
testuser02493,Test1234,13800002493
testuser02494,Test1234,13800002494
testuser02495,Test1234,13800002495
testuser02496,Test1234,13800002496
testuser02497,Test1234,13800002497
testuser02498,Test1234,13800002498
testuser02499,Test1234,13800002499
testuser02500,Test1234,13800002500
testuser02501,Test1234,13800002501
testuser02502,Test1234,13800002502
testuser02503,Test1234,13800002503
testuser02504,Test1234,13800002504
testuser02505,Test1234,13800002505
testuser02506,Test1234,13800002506
testuser02507,Test1234,13800002507
testuser02508,Test1234,13800002508
testuser02509,Test1234,13800002509
testuser02510,Test1234,13800002510
testuser02511,Test1234,13800002511
testuser02512,Test1234,13800002512
testuser02513,Test1234,13800002513
testuser02514,Test1234,13800002514
testuser02515,Test1234,13800002515
testuser02516,Test1234,13800002516
testuser02517,Test1234,13800002517
testuser02518,Test1234,13800002518
testuser02519,Test1234,13800002519
testuser02520,Test1234,13800002520
testuser02521,Test1234,13800002521
testuser02522,Test1234,13800002522
testuser02523,Test1234,13800002523
testuser02524,Test1234,13800002524
testuser02525,Test1234,13800002525
testuser02526,Test1234,13800002526
testuser02527,Test1234,13800002527
testuser02528,Test1234,13800002528
testuser02529,Test1234,13800002529
testuser02530,Test1234,13800002530
testuser02531,Test1234,13800002531
testuser02532,Test1234,13800002532
testuser02533,Test1234,13800002533
testuser02534,Test1234,13800002534
testuser02535,Test1234,13800002535
testuser02536,Test1234,13800002536
testuser02537,Test1234,13800002537
testuser02538,Test1234,13800002538
testuser02539,Test1234,13800002539
testuser02540,Test1234,13800002540
testuser02541,Test1234,13800002541
testuser02542,Test1234,13800002542
testuser02543,Test1234,13800002543
testuser02544,Test1234,13800002544
testuser02545,Test1234,13800002545
testuser02546,Test1234,13800002546
testuser02547,Test1234,13800002547
testuser02548,Test1234,13800002548
testuser02549,Test1234,13800002549
testuser02550,Test1234,13800002550
testuser02551,Test1234,13800002551
testuser02552,Test1234,13800002552
testuser02553,Test1234,13800002553
testuser02554,Test1234,13800002554
testuser02555,Test1234,13800002555
testuser02556,Test1234,13800002556
testuser02557,Test1234,13800002557
testuser02558,Test1234,13800002558
testuser02559,Test1234,13800002559
testuser02560,Test1234,13800002560
testuser02561,Test1234,13800002561
testuser02562,Test1234,13800002562
testuser02563,Test1234,13800002563
testuser02564,Test1234,13800002564
testuser02565,Test1234,13800002565
testuser02566,Test1234,13800002566
testuser02567,Test1234,13800002567
testuser02568,Test1234,13800002568
testuser02569,Test1234,13800002569
testuser02570,Test1234,13800002570
testuser02571,Test1234,13800002571
testuser02572,Test1234,13800002572
testuser02573,Test1234,13800002573
testuser02574,Test1234,13800002574
testuser02575,Test1234,13800002575
testuser02576,Test1234,13800002576
testuser02577,Test1234,13800002577
testuser02578,Test1234,13800002578
testuser02579,Test1234,13800002579
testuser02580,Test1234,13800002580
testuser02581,Test1234,13800002581
testuser02582,Test1234,13800002582
testuser02583,Test1234,13800002583
testuser02584,Test1234,13800002584
testuser02585,Test1234,13800002585
testuser02586,Test1234,13800002586
testuser02587,Test1234,13800002587
testuser02588,Test1234,13800002588
testuser02589,Test1234,13800002589
testuser02590,Test1234,13800002590
testuser02591,Test1234,13800002591
testuser02592,Test1234,13800002592
testuser02593,Test1234,13800002593
testuser02594,Test1234,13800002594
testuser02595,Test1234,13800002595
testuser02596,Test1234,13800002596
testuser02597,Test1234,13800002597
testuser02598,Test1234,13800002598
testuser02599,Test1234,13800002599
testuser02600,Test1234,13800002600
testuser02601,Test1234,13800002601
testuser02602,Test1234,13800002602
testuser02603,Test1234,13800002603
testuser02604,Test1234,13800002604
testuser02605,Test1234,13800002605
testuser02606,Test1234,13800002606
testuser02607,Test1234,13800002607
testuser02608,Test1234,13800002608
testuser02609,Test1234,13800002609
testuser02610,Test1234,13800002610
testuser02611,Test1234,13800002611
testuser02612,Test1234,13800002612
testuser02613,Test1234,13800002613
testuser02614,Test1234,13800002614
testuser02615,Test1234,13800002615
testuser02616,Test1234,13800002616
testuser02617,Test1234,13800002617
testuser02618,Test1234,13800002618
testuser02619,Test1234,13800002619
testuser02620,Test1234,13800002620
testuser02621,Test1234,13800002621
testuser02622,Test1234,13800002622
testuser02623,Test1234,13800002623
testuser02624,Test1234,13800002624
testuser02625,Test1234,13800002625
testuser02626,Test1234,13800002626
testuser02627,Test1234,13800002627
testuser02628,Test1234,13800002628
testuser02629,Test1234,13800002629
testuser02630,Test1234,13800002630
testuser02631,Test1234,13800002631
testuser02632,Test1234,13800002632
testuser02633,Test1234,13800002633
testuser02634,Test1234,13800002634
testuser02635,Test1234,13800002635
testuser02636,Test1234,13800002636
testuser02637,Test1234,13800002637
testuser02638,Test1234,13800002638
testuser02639,Test1234,13800002639
testuser02640,Test1234,13800002640
testuser02641,Test1234,13800002641
testuser02642,Test1234,13800002642
testuser02643,Test1234,13800002643
testuser02644,Test1234,13800002644
testuser02645,Test1234,13800002645
testuser02646,Test1234,13800002646
testuser02647,Test1234,13800002647
testuser02648,Test1234,13800002648
testuser02649,Test1234,13800002649
testuser02650,Test1234,13800002650
testuser02651,Test1234,13800002651
testuser02652,Test1234,13800002652
testuser02653,Test1234,13800002653
testuser02654,Test1234,13800002654
testuser02655,Test1234,13800002655
testuser02656,Test1234,13800002656
testuser02657,Test1234,13800002657
testuser02658,Test1234,13800002658
testuser02659,Test1234,13800002659
testuser02660,Test1234,13800002660
testuser02661,Test1234,13800002661
testuser02662,Test1234,13800002662
testuser02663,Test1234,13800002663
testuser02664,Test1234,13800002664
testuser02665,Test1234,13800002665
testuser02666,Test1234,13800002666
testuser02667,Test1234,13800002667
testuser02668,Test1234,13800002668
testuser02669,Test1234,13800002669
testuser02670,Test1234,13800002670
testuser02671,Test1234,13800002671
testuser02672,Test1234,13800002672
testuser02673,Test1234,13800002673
testuser02674,Test1234,13800002674
testuser02675,Test1234,13800002675
testuser02676,Test1234,13800002676
testuser02677,Test1234,13800002677
testuser02678,Test1234,13800002678
testuser02679,Test1234,13800002679
testuser02680,Test1234,13800002680
testuser02681,Test1234,13800002681
testuser02682,Test1234,13800002682
testuser02683,Test1234,13800002683
testuser02684,Test1234,13800002684
testuser02685,Test1234,13800002685
testuser02686,Test1234,13800002686
testuser02687,Test1234,13800002687
testuser02688,Test1234,13800002688
testuser02689,Test1234,13800002689
testuser02690,Test1234,13800002690
testuser02691,Test1234,13800002691
testuser02692,Test1234,13800002692
testuser02693,Test1234,13800002693
testuser02694,Test1234,13800002694
testuser02695,Test1234,13800002695
testuser02696,Test1234,13800002696
testuser02697,Test1234,13800002697
testuser02698,Test1234,13800002698
testuser02699,Test1234,13800002699
testuser02700,Test1234,13800002700
testuser02701,Test1234,13800002701
testuser02702,Test1234,13800002702
testuser02703,Test1234,13800002703
testuser02704,Test1234,13800002704
testuser02705,Test1234,13800002705
testuser02706,Test1234,13800002706
testuser02707,Test1234,13800002707
testuser02708,Test1234,13800002708
testuser02709,Test1234,13800002709
testuser02710,Test1234,13800002710
testuser02711,Test1234,13800002711
testuser02712,Test1234,13800002712
testuser02713,Test1234,13800002713
testuser02714,Test1234,13800002714
testuser02715,Test1234,13800002715
testuser02716,Test1234,13800002716
testuser02717,Test1234,13800002717
testuser02718,Test1234,13800002718
testuser02719,Test1234,13800002719
testuser02720,Test1234,13800002720
testuser02721,Test1234,13800002721
testuser02722,Test1234,13800002722
testuser02723,Test1234,13800002723
testuser02724,Test1234,13800002724
testuser02725,Test1234,13800002725
testuser02726,Test1234,13800002726
testuser02727,Test1234,13800002727
testuser02728,Test1234,13800002728
testuser02729,Test1234,13800002729
testuser02730,Test1234,13800002730
testuser02731,Test1234,13800002731
testuser02732,Test1234,13800002732
testuser02733,Test1234,13800002733
testuser02734,Test1234,13800002734
testuser02735,Test1234,13800002735
testuser02736,Test1234,13800002736
testuser02737,Test1234,13800002737
testuser02738,Test1234,13800002738
testuser02739,Test1234,13800002739
testuser02740,Test1234,13800002740
testuser02741,Test1234,13800002741
testuser02742,Test1234,13800002742
testuser02743,Test1234,13800002743
testuser02744,Test1234,13800002744
testuser02745,Test1234,13800002745
testuser02746,Test1234,13800002746
testuser02747,Test1234,13800002747
testuser02748,Test1234,13800002748
testuser02749,Test1234,13800002749
testuser02750,Test1234,13800002750
testuser02751,Test1234,13800002751
testuser02752,Test1234,13800002752
testuser02753,Test1234,13800002753
testuser02754,Test1234,13800002754
testuser02755,Test1234,13800002755
testuser02756,Test1234,13800002756
testuser02757,Test1234,13800002757
testuser02758,Test1234,13800002758
testuser02759,Test1234,13800002759
testuser02760,Test1234,13800002760
testuser02761,Test1234,13800002761
testuser02762,Test1234,13800002762
testuser02763,Test1234,13800002763
testuser02764,Test1234,13800002764
testuser02765,Test1234,13800002765
testuser02766,Test1234,13800002766
testuser02767,Test1234,13800002767
testuser02768,Test1234,13800002768
testuser02769,Test1234,13800002769
testuser02770,Test1234,13800002770
testuser02771,Test1234,13800002771
testuser02772,Test1234,13800002772
testuser02773,Test1234,13800002773
testuser02774,Test1234,13800002774
testuser02775,Test1234,13800002775
testuser02776,Test1234,13800002776
testuser02777,Test1234,13800002777
testuser02778,Test1234,13800002778
testuser02779,Test1234,13800002779
testuser02780,Test1234,13800002780
testuser02781,Test1234,13800002781
testuser02782,Test1234,13800002782
testuser02783,Test1234,13800002783
testuser02784,Test1234,13800002784
testuser02785,Test1234,13800002785
testuser02786,Test1234,13800002786
testuser02787,Test1234,13800002787
testuser02788,Test1234,13800002788
testuser02789,Test1234,13800002789
testuser02790,Test1234,13800002790
testuser02791,Test1234,13800002791
testuser02792,Test1234,13800002792
testuser02793,Test1234,13800002793
testuser02794,Test1234,13800002794
testuser02795,Test1234,13800002795
testuser02796,Test1234,13800002796
testuser02797,Test1234,13800002797
testuser02798,Test1234,13800002798
testuser02799,Test1234,13800002799
testuser02800,Test1234,13800002800
testuser02801,Test1234,13800002801
testuser02802,Test1234,13800002802
testuser02803,Test1234,13800002803
testuser02804,Test1234,13800002804
testuser02805,Test1234,13800002805
testuser02806,Test1234,13800002806
testuser02807,Test1234,13800002807
testuser02808,Test1234,13800002808
testuser02809,Test1234,13800002809
testuser02810,Test1234,13800002810
testuser02811,Test1234,13800002811
testuser02812,Test1234,13800002812
testuser02813,Test1234,13800002813
testuser02814,Test1234,13800002814
testuser02815,Test1234,13800002815
testuser02816,Test1234,13800002816
testuser02817,Test1234,13800002817
testuser02818,Test1234,13800002818
testuser02819,Test1234,13800002819
testuser02820,Test1234,13800002820
testuser02821,Test1234,13800002821
testuser02822,Test1234,13800002822
testuser02823,Test1234,13800002823
testuser02824,Test1234,13800002824
testuser02825,Test1234,13800002825
testuser02826,Test1234,13800002826
testuser02827,Test1234,13800002827
testuser02828,Test1234,13800002828
testuser02829,Test1234,13800002829
testuser02830,Test1234,13800002830
testuser02831,Test1234,13800002831
testuser02832,Test1234,13800002832
testuser02833,Test1234,13800002833
testuser02834,Test1234,13800002834
testuser02835,Test1234,13800002835
testuser02836,Test1234,13800002836
testuser02837,Test1234,13800002837
testuser02838,Test1234,13800002838
testuser02839,Test1234,13800002839
testuser02840,Test1234,13800002840
testuser02841,Test1234,13800002841
testuser02842,Test1234,13800002842
testuser02843,Test1234,13800002843
testuser02844,Test1234,13800002844
testuser02845,Test1234,13800002845
testuser02846,Test1234,13800002846
testuser02847,Test1234,13800002847
testuser02848,Test1234,13800002848
testuser02849,Test1234,13800002849
testuser02850,Test1234,13800002850
testuser02851,Test1234,13800002851
testuser02852,Test1234,13800002852
testuser02853,Test1234,13800002853
testuser02854,Test1234,13800002854
testuser02855,Test1234,13800002855
testuser02856,Test1234,13800002856
testuser02857,Test1234,13800002857
testuser02858,Test1234,13800002858
testuser02859,Test1234,13800002859
testuser02860,Test1234,13800002860
testuser02861,Test1234,13800002861
testuser02862,Test1234,13800002862
testuser02863,Test1234,13800002863
testuser02864,Test1234,13800002864
testuser02865,Test1234,13800002865
testuser02866,Test1234,13800002866
testuser02867,Test1234,13800002867
testuser02868,Test1234,13800002868
testuser02869,Test1234,13800002869
testuser02870,Test1234,13800002870
testuser02871,Test1234,13800002871
testuser02872,Test1234,13800002872
testuser02873,Test1234,13800002873
testuser02874,Test1234,13800002874
testuser02875,Test1234,13800002875
testuser02876,Test1234,13800002876
testuser02877,Test1234,13800002877
testuser02878,Test1234,13800002878
testuser02879,Test1234,13800002879
testuser02880,Test1234,13800002880
testuser02881,Test1234,13800002881
testuser02882,Test1234,13800002882
testuser02883,Test1234,13800002883
testuser02884,Test1234,13800002884
testuser02885,Test1234,13800002885
testuser02886,Test1234,13800002886
testuser02887,Test1234,13800002887
testuser02888,Test1234,13800002888
testuser02889,Test1234,13800002889
testuser02890,Test1234,13800002890
testuser02891,Test1234,13800002891
testuser02892,Test1234,13800002892
testuser02893,Test1234,13800002893
testuser02894,Test1234,13800002894
testuser02895,Test1234,13800002895
testuser02896,Test1234,13800002896
testuser02897,Test1234,13800002897
testuser02898,Test1234,13800002898
testuser02899,Test1234,13800002899
testuser02900,Test1234,13800002900
testuser02901,Test1234,13800002901
testuser02902,Test1234,13800002902
testuser02903,Test1234,13800002903
testuser02904,Test1234,13800002904
testuser02905,Test1234,13800002905
testuser02906,Test1234,13800002906
testuser02907,Test1234,13800002907
testuser02908,Test1234,13800002908
testuser02909,Test1234,13800002909
testuser02910,Test1234,13800002910
testuser02911,Test1234,13800002911
testuser02912,Test1234,13800002912
testuser02913,Test1234,13800002913
testuser02914,Test1234,13800002914
testuser02915,Test1234,13800002915
testuser02916,Test1234,13800002916
testuser02917,Test1234,13800002917
testuser02918,Test1234,13800002918
testuser02919,Test1234,13800002919
testuser02920,Test1234,13800002920
testuser02921,Test1234,13800002921
testuser02922,Test1234,13800002922
testuser02923,Test1234,13800002923
testuser02924,Test1234,13800002924
testuser02925,Test1234,13800002925
testuser02926,Test1234,13800002926
testuser02927,Test1234,13800002927
testuser02928,Test1234,13800002928
testuser02929,Test1234,13800002929
testuser02930,Test1234,13800002930
testuser02931,Test1234,13800002931
testuser02932,Test1234,13800002932
testuser02933,Test1234,13800002933
testuser02934,Test1234,13800002934
testuser02935,Test1234,13800002935
testuser02936,Test1234,13800002936
testuser02937,Test1234,13800002937
testuser02938,Test1234,13800002938
testuser02939,Test1234,13800002939
testuser02940,Test1234,13800002940
testuser02941,Test1234,13800002941
testuser02942,Test1234,13800002942
testuser02943,Test1234,13800002943
testuser02944,Test1234,13800002944
testuser02945,Test1234,13800002945
testuser02946,Test1234,13800002946
testuser02947,Test1234,13800002947
testuser02948,Test1234,13800002948
testuser02949,Test1234,13800002949
testuser02950,Test1234,13800002950
testuser02951,Test1234,13800002951
testuser02952,Test1234,13800002952
testuser02953,Test1234,13800002953
testuser02954,Test1234,13800002954
testuser02955,Test1234,13800002955
testuser02956,Test1234,13800002956
testuser02957,Test1234,13800002957
testuser02958,Test1234,13800002958
testuser02959,Test1234,13800002959
testuser02960,Test1234,13800002960
testuser02961,Test1234,13800002961
testuser02962,Test1234,13800002962
testuser02963,Test1234,13800002963
testuser02964,Test1234,13800002964
testuser02965,Test1234,13800002965
testuser02966,Test1234,13800002966
testuser02967,Test1234,13800002967
testuser02968,Test1234,13800002968
testuser02969,Test1234,13800002969
testuser02970,Test1234,13800002970
testuser02971,Test1234,13800002971
testuser02972,Test1234,13800002972
testuser02973,Test1234,13800002973
testuser02974,Test1234,13800002974
testuser02975,Test1234,13800002975
testuser02976,Test1234,13800002976
testuser02977,Test1234,13800002977
testuser02978,Test1234,13800002978
testuser02979,Test1234,13800002979
testuser02980,Test1234,13800002980
testuser02981,Test1234,13800002981
testuser02982,Test1234,13800002982
testuser02983,Test1234,13800002983
testuser02984,Test1234,13800002984
testuser02985,Test1234,13800002985
testuser02986,Test1234,13800002986
testuser02987,Test1234,13800002987
testuser02988,Test1234,13800002988
testuser02989,Test1234,13800002989
testuser02990,Test1234,13800002990
testuser02991,Test1234,13800002991
testuser02992,Test1234,13800002992
testuser02993,Test1234,13800002993
testuser02994,Test1234,13800002994
testuser02995,Test1234,13800002995
testuser02996,Test1234,13800002996
testuser02997,Test1234,13800002997
testuser02998,Test1234,13800002998
testuser02999,Test1234,13800002999
testuser03000,Test1234,13800003000
testuser03001,Test1234,13800003001
testuser03002,Test1234,13800003002
testuser03003,Test1234,13800003003
testuser03004,Test1234,13800003004
testuser03005,Test1234,13800003005
testuser03006,Test1234,13800003006
testuser03007,Test1234,13800003007
testuser03008,Test1234,13800003008
testuser03009,Test1234,13800003009
testuser03010,Test1234,13800003010
testuser03011,Test1234,13800003011
testuser03012,Test1234,13800003012
testuser03013,Test1234,13800003013
testuser03014,Test1234,13800003014
testuser03015,Test1234,13800003015
testuser03016,Test1234,13800003016
testuser03017,Test1234,13800003017
testuser03018,Test1234,13800003018
testuser03019,Test1234,13800003019
testuser03020,Test1234,13800003020
testuser03021,Test1234,13800003021
testuser03022,Test1234,13800003022
testuser03023,Test1234,13800003023
testuser03024,Test1234,13800003024
testuser03025,Test1234,13800003025
testuser03026,Test1234,13800003026
testuser03027,Test1234,13800003027
testuser03028,Test1234,13800003028
testuser03029,Test1234,13800003029
testuser03030,Test1234,13800003030
testuser03031,Test1234,13800003031
testuser03032,Test1234,13800003032
testuser03033,Test1234,13800003033
testuser03034,Test1234,13800003034
testuser03035,Test1234,13800003035
testuser03036,Test1234,13800003036
testuser03037,Test1234,13800003037
testuser03038,Test1234,13800003038
testuser03039,Test1234,13800003039
testuser03040,Test1234,13800003040
testuser03041,Test1234,13800003041
testuser03042,Test1234,13800003042
testuser03043,Test1234,13800003043
testuser03044,Test1234,13800003044
testuser03045,Test1234,13800003045
testuser03046,Test1234,13800003046
testuser03047,Test1234,13800003047
testuser03048,Test1234,13800003048
testuser03049,Test1234,13800003049
testuser03050,Test1234,13800003050
testuser03051,Test1234,13800003051
testuser03052,Test1234,13800003052
testuser03053,Test1234,13800003053
testuser03054,Test1234,13800003054
testuser03055,Test1234,13800003055
testuser03056,Test1234,13800003056
testuser03057,Test1234,13800003057
testuser03058,Test1234,13800003058
testuser03059,Test1234,13800003059
testuser03060,Test1234,13800003060
testuser03061,Test1234,13800003061
testuser03062,Test1234,13800003062
testuser03063,Test1234,13800003063
testuser03064,Test1234,13800003064
testuser03065,Test1234,13800003065
testuser03066,Test1234,13800003066
testuser03067,Test1234,13800003067
testuser03068,Test1234,13800003068
testuser03069,Test1234,13800003069
testuser03070,Test1234,13800003070
testuser03071,Test1234,13800003071
testuser03072,Test1234,13800003072
testuser03073,Test1234,13800003073
testuser03074,Test1234,13800003074
testuser03075,Test1234,13800003075
testuser03076,Test1234,13800003076
testuser03077,Test1234,13800003077
testuser03078,Test1234,13800003078
testuser03079,Test1234,13800003079
testuser03080,Test1234,13800003080
testuser03081,Test1234,13800003081
testuser03082,Test1234,13800003082
testuser03083,Test1234,13800003083
testuser03084,Test1234,13800003084
testuser03085,Test1234,13800003085
testuser03086,Test1234,13800003086
testuser03087,Test1234,13800003087
testuser03088,Test1234,13800003088
testuser03089,Test1234,13800003089
testuser03090,Test1234,13800003090
testuser03091,Test1234,13800003091
testuser03092,Test1234,13800003092
testuser03093,Test1234,13800003093
testuser03094,Test1234,13800003094
testuser03095,Test1234,13800003095
testuser03096,Test1234,13800003096
testuser03097,Test1234,13800003097
testuser03098,Test1234,13800003098
testuser03099,Test1234,13800003099
testuser03100,Test1234,13800003100
testuser03101,Test1234,13800003101
testuser03102,Test1234,13800003102
testuser03103,Test1234,13800003103
testuser03104,Test1234,13800003104
testuser03105,Test1234,13800003105
testuser03106,Test1234,13800003106
testuser03107,Test1234,13800003107
testuser03108,Test1234,13800003108
testuser03109,Test1234,13800003109
testuser03110,Test1234,13800003110
testuser03111,Test1234,13800003111
testuser03112,Test1234,13800003112
testuser03113,Test1234,13800003113
testuser03114,Test1234,13800003114
testuser03115,Test1234,13800003115
testuser03116,Test1234,13800003116
testuser03117,Test1234,13800003117
testuser03118,Test1234,13800003118
testuser03119,Test1234,13800003119
testuser03120,Test1234,13800003120
testuser03121,Test1234,13800003121
testuser03122,Test1234,13800003122
testuser03123,Test1234,13800003123
testuser03124,Test1234,13800003124
testuser03125,Test1234,13800003125
testuser03126,Test1234,13800003126
testuser03127,Test1234,13800003127
testuser03128,Test1234,13800003128
testuser03129,Test1234,13800003129
testuser03130,Test1234,13800003130
testuser03131,Test1234,13800003131
testuser03132,Test1234,13800003132
testuser03133,Test1234,13800003133
testuser03134,Test1234,13800003134
testuser03135,Test1234,13800003135
testuser03136,Test1234,13800003136
testuser03137,Test1234,13800003137
testuser03138,Test1234,13800003138
testuser03139,Test1234,13800003139
testuser03140,Test1234,13800003140
testuser03141,Test1234,13800003141
testuser03142,Test1234,13800003142
testuser03143,Test1234,13800003143
testuser03144,Test1234,13800003144
testuser03145,Test1234,13800003145
testuser03146,Test1234,13800003146
testuser03147,Test1234,13800003147
testuser03148,Test1234,13800003148
testuser03149,Test1234,13800003149
testuser03150,Test1234,13800003150
testuser03151,Test1234,13800003151
testuser03152,Test1234,13800003152
testuser03153,Test1234,13800003153
testuser03154,Test1234,13800003154
testuser03155,Test1234,13800003155
testuser03156,Test1234,13800003156
testuser03157,Test1234,13800003157
testuser03158,Test1234,13800003158
testuser03159,Test1234,13800003159
testuser03160,Test1234,13800003160
testuser03161,Test1234,13800003161
testuser03162,Test1234,13800003162
testuser03163,Test1234,13800003163
testuser03164,Test1234,13800003164
testuser03165,Test1234,13800003165
testuser03166,Test1234,13800003166
testuser03167,Test1234,13800003167
testuser03168,Test1234,13800003168
testuser03169,Test1234,13800003169
testuser03170,Test1234,13800003170
testuser03171,Test1234,13800003171
testuser03172,Test1234,13800003172
testuser03173,Test1234,13800003173
testuser03174,Test1234,13800003174
testuser03175,Test1234,13800003175
testuser03176,Test1234,13800003176
testuser03177,Test1234,13800003177
testuser03178,Test1234,13800003178
testuser03179,Test1234,13800003179
testuser03180,Test1234,13800003180
testuser03181,Test1234,13800003181
testuser03182,Test1234,13800003182
testuser03183,Test1234,13800003183
testuser03184,Test1234,13800003184
testuser03185,Test1234,13800003185
testuser03186,Test1234,13800003186
testuser03187,Test1234,13800003187
testuser03188,Test1234,13800003188
testuser03189,Test1234,13800003189
testuser03190,Test1234,13800003190
testuser03191,Test1234,13800003191
testuser03192,Test1234,13800003192
testuser03193,Test1234,13800003193
testuser03194,Test1234,13800003194
testuser03195,Test1234,13800003195
testuser03196,Test1234,13800003196
testuser03197,Test1234,13800003197
testuser03198,Test1234,13800003198
testuser03199,Test1234,13800003199
testuser03200,Test1234,13800003200
testuser03201,Test1234,13800003201
testuser03202,Test1234,13800003202
testuser03203,Test1234,13800003203
testuser03204,Test1234,13800003204
testuser03205,Test1234,13800003205
testuser03206,Test1234,13800003206
testuser03207,Test1234,13800003207
testuser03208,Test1234,13800003208
testuser03209,Test1234,13800003209
testuser03210,Test1234,13800003210
testuser03211,Test1234,13800003211
testuser03212,Test1234,13800003212
testuser03213,Test1234,13800003213
testuser03214,Test1234,13800003214
testuser03215,Test1234,13800003215
testuser03216,Test1234,13800003216
testuser03217,Test1234,13800003217
testuser03218,Test1234,13800003218
testuser03219,Test1234,13800003219
testuser03220,Test1234,13800003220
testuser03221,Test1234,13800003221
testuser03222,Test1234,13800003222
testuser03223,Test1234,13800003223
testuser03224,Test1234,13800003224
testuser03225,Test1234,13800003225
testuser03226,Test1234,13800003226
testuser03227,Test1234,13800003227
testuser03228,Test1234,13800003228
testuser03229,Test1234,13800003229
testuser03230,Test1234,13800003230
testuser03231,Test1234,13800003231
testuser03232,Test1234,13800003232
testuser03233,Test1234,13800003233
testuser03234,Test1234,13800003234
testuser03235,Test1234,13800003235
testuser03236,Test1234,13800003236
testuser03237,Test1234,13800003237
testuser03238,Test1234,13800003238
testuser03239,Test1234,13800003239
testuser03240,Test1234,13800003240
testuser03241,Test1234,13800003241
testuser03242,Test1234,13800003242
testuser03243,Test1234,13800003243
testuser03244,Test1234,13800003244
testuser03245,Test1234,13800003245
testuser03246,Test1234,13800003246
testuser03247,Test1234,13800003247
testuser03248,Test1234,13800003248
testuser03249,Test1234,13800003249
testuser03250,Test1234,13800003250
testuser03251,Test1234,13800003251
testuser03252,Test1234,13800003252
testuser03253,Test1234,13800003253
testuser03254,Test1234,13800003254
testuser03255,Test1234,13800003255
testuser03256,Test1234,13800003256
testuser03257,Test1234,13800003257
testuser03258,Test1234,13800003258
testuser03259,Test1234,13800003259
testuser03260,Test1234,13800003260
testuser03261,Test1234,13800003261
testuser03262,Test1234,13800003262
testuser03263,Test1234,13800003263
testuser03264,Test1234,13800003264
testuser03265,Test1234,13800003265
testuser03266,Test1234,13800003266
testuser03267,Test1234,13800003267
testuser03268,Test1234,13800003268
testuser03269,Test1234,13800003269
testuser03270,Test1234,13800003270
testuser03271,Test1234,13800003271
testuser03272,Test1234,13800003272
testuser03273,Test1234,13800003273
testuser03274,Test1234,13800003274
testuser03275,Test1234,13800003275
testuser03276,Test1234,13800003276
testuser03277,Test1234,13800003277
testuser03278,Test1234,13800003278
testuser03279,Test1234,13800003279
testuser03280,Test1234,13800003280
testuser03281,Test1234,13800003281
testuser03282,Test1234,13800003282
testuser03283,Test1234,13800003283
testuser03284,Test1234,13800003284
testuser03285,Test1234,13800003285
testuser03286,Test1234,13800003286
testuser03287,Test1234,13800003287
testuser03288,Test1234,13800003288
testuser03289,Test1234,13800003289
testuser03290,Test1234,13800003290
testuser03291,Test1234,13800003291
testuser03292,Test1234,13800003292
testuser03293,Test1234,13800003293
testuser03294,Test1234,13800003294
testuser03295,Test1234,13800003295
testuser03296,Test1234,13800003296
testuser03297,Test1234,13800003297
testuser03298,Test1234,13800003298
testuser03299,Test1234,13800003299
testuser03300,Test1234,13800003300
testuser03301,Test1234,13800003301
testuser03302,Test1234,13800003302
testuser03303,Test1234,13800003303
testuser03304,Test1234,13800003304
testuser03305,Test1234,13800003305
testuser03306,Test1234,13800003306
testuser03307,Test1234,13800003307
testuser03308,Test1234,13800003308
testuser03309,Test1234,13800003309
testuser03310,Test1234,13800003310
testuser03311,Test1234,13800003311
testuser03312,Test1234,13800003312
testuser03313,Test1234,13800003313
testuser03314,Test1234,13800003314
testuser03315,Test1234,13800003315
testuser03316,Test1234,13800003316
testuser03317,Test1234,13800003317
testuser03318,Test1234,13800003318
testuser03319,Test1234,13800003319
testuser03320,Test1234,13800003320
testuser03321,Test1234,13800003321
testuser03322,Test1234,13800003322
testuser03323,Test1234,13800003323
testuser03324,Test1234,13800003324
testuser03325,Test1234,13800003325
testuser03326,Test1234,13800003326
testuser03327,Test1234,13800003327
testuser03328,Test1234,13800003328
testuser03329,Test1234,13800003329
testuser03330,Test1234,13800003330
testuser03331,Test1234,13800003331
testuser03332,Test1234,13800003332
testuser03333,Test1234,13800003333
testuser03334,Test1234,13800003334
testuser03335,Test1234,13800003335
testuser03336,Test1234,13800003336
testuser03337,Test1234,13800003337
testuser03338,Test1234,13800003338
testuser03339,Test1234,13800003339
testuser03340,Test1234,13800003340
testuser03341,Test1234,13800003341
testuser03342,Test1234,13800003342
testuser03343,Test1234,13800003343
testuser03344,Test1234,13800003344
testuser03345,Test1234,13800003345
testuser03346,Test1234,13800003346
testuser03347,Test1234,13800003347
testuser03348,Test1234,13800003348
testuser03349,Test1234,13800003349
testuser03350,Test1234,13800003350
testuser03351,Test1234,13800003351
testuser03352,Test1234,13800003352
testuser03353,Test1234,13800003353
testuser03354,Test1234,13800003354
testuser03355,Test1234,13800003355
testuser03356,Test1234,13800003356
testuser03357,Test1234,13800003357
testuser03358,Test1234,13800003358
testuser03359,Test1234,13800003359
testuser03360,Test1234,13800003360
testuser03361,Test1234,13800003361
testuser03362,Test1234,13800003362
testuser03363,Test1234,13800003363
testuser03364,Test1234,13800003364
testuser03365,Test1234,13800003365
testuser03366,Test1234,13800003366
testuser03367,Test1234,13800003367
testuser03368,Test1234,13800003368
testuser03369,Test1234,13800003369
testuser03370,Test1234,13800003370
testuser03371,Test1234,13800003371
testuser03372,Test1234,13800003372
testuser03373,Test1234,13800003373
testuser03374,Test1234,13800003374
testuser03375,Test1234,13800003375
testuser03376,Test1234,13800003376
testuser03377,Test1234,13800003377
testuser03378,Test1234,13800003378
testuser03379,Test1234,13800003379
testuser03380,Test1234,13800003380
testuser03381,Test1234,13800003381
testuser03382,Test1234,13800003382
testuser03383,Test1234,13800003383
testuser03384,Test1234,13800003384
testuser03385,Test1234,13800003385
testuser03386,Test1234,13800003386
testuser03387,Test1234,13800003387
testuser03388,Test1234,13800003388
testuser03389,Test1234,13800003389
testuser03390,Test1234,13800003390
testuser03391,Test1234,13800003391
testuser03392,Test1234,13800003392
testuser03393,Test1234,13800003393
testuser03394,Test1234,13800003394
testuser03395,Test1234,13800003395
testuser03396,Test1234,13800003396
testuser03397,Test1234,13800003397
testuser03398,Test1234,13800003398
testuser03399,Test1234,13800003399
testuser03400,Test1234,13800003400
testuser03401,Test1234,13800003401
testuser03402,Test1234,13800003402
testuser03403,Test1234,13800003403
testuser03404,Test1234,13800003404
testuser03405,Test1234,13800003405
testuser03406,Test1234,13800003406
testuser03407,Test1234,13800003407
testuser03408,Test1234,13800003408
testuser03409,Test1234,13800003409
testuser03410,Test1234,13800003410
testuser03411,Test1234,13800003411
testuser03412,Test1234,13800003412
testuser03413,Test1234,13800003413
testuser03414,Test1234,13800003414
testuser03415,Test1234,13800003415
testuser03416,Test1234,13800003416
testuser03417,Test1234,13800003417
testuser03418,Test1234,13800003418
testuser03419,Test1234,13800003419
testuser03420,Test1234,13800003420
testuser03421,Test1234,13800003421
testuser03422,Test1234,13800003422
testuser03423,Test1234,13800003423
testuser03424,Test1234,13800003424
testuser03425,Test1234,13800003425
testuser03426,Test1234,13800003426
testuser03427,Test1234,13800003427
testuser03428,Test1234,13800003428
testuser03429,Test1234,13800003429
testuser03430,Test1234,13800003430
testuser03431,Test1234,13800003431
testuser03432,Test1234,13800003432
testuser03433,Test1234,13800003433
testuser03434,Test1234,13800003434
testuser03435,Test1234,13800003435
testuser03436,Test1234,13800003436
testuser03437,Test1234,13800003437
testuser03438,Test1234,13800003438
testuser03439,Test1234,13800003439
testuser03440,Test1234,13800003440
testuser03441,Test1234,13800003441
testuser03442,Test1234,13800003442
testuser03443,Test1234,13800003443
testuser03444,Test1234,13800003444
testuser03445,Test1234,13800003445
testuser03446,Test1234,13800003446
testuser03447,Test1234,13800003447
testuser03448,Test1234,13800003448
testuser03449,Test1234,13800003449
testuser03450,Test1234,13800003450
testuser03451,Test1234,13800003451
testuser03452,Test1234,13800003452
testuser03453,Test1234,13800003453
testuser03454,Test1234,13800003454
testuser03455,Test1234,13800003455
testuser03456,Test1234,13800003456
testuser03457,Test1234,13800003457
testuser03458,Test1234,13800003458
testuser03459,Test1234,13800003459
testuser03460,Test1234,13800003460
testuser03461,Test1234,13800003461
testuser03462,Test1234,13800003462
testuser03463,Test1234,13800003463
testuser03464,Test1234,13800003464
testuser03465,Test1234,13800003465
testuser03466,Test1234,13800003466
testuser03467,Test1234,13800003467
testuser03468,Test1234,13800003468
testuser03469,Test1234,13800003469
testuser03470,Test1234,13800003470
testuser03471,Test1234,13800003471
testuser03472,Test1234,13800003472
testuser03473,Test1234,13800003473
testuser03474,Test1234,13800003474
testuser03475,Test1234,13800003475
testuser03476,Test1234,13800003476
testuser03477,Test1234,13800003477
testuser03478,Test1234,13800003478
testuser03479,Test1234,13800003479
testuser03480,Test1234,13800003480
testuser03481,Test1234,13800003481
testuser03482,Test1234,13800003482
testuser03483,Test1234,13800003483
testuser03484,Test1234,13800003484
testuser03485,Test1234,13800003485
testuser03486,Test1234,13800003486
testuser03487,Test1234,13800003487
testuser03488,Test1234,13800003488
testuser03489,Test1234,13800003489
testuser03490,Test1234,13800003490
testuser03491,Test1234,13800003491
testuser03492,Test1234,13800003492
testuser03493,Test1234,13800003493
testuser03494,Test1234,13800003494
testuser03495,Test1234,13800003495
testuser03496,Test1234,13800003496
testuser03497,Test1234,13800003497
testuser03498,Test1234,13800003498
testuser03499,Test1234,13800003499
testuser03500,Test1234,13800003500
testuser03501,Test1234,13800003501
testuser03502,Test1234,13800003502
testuser03503,Test1234,13800003503
testuser03504,Test1234,13800003504
testuser03505,Test1234,13800003505
testuser03506,Test1234,13800003506
testuser03507,Test1234,13800003507
testuser03508,Test1234,13800003508
testuser03509,Test1234,13800003509
testuser03510,Test1234,13800003510
testuser03511,Test1234,13800003511
testuser03512,Test1234,13800003512
testuser03513,Test1234,13800003513
testuser03514,Test1234,13800003514
testuser03515,Test1234,13800003515
testuser03516,Test1234,13800003516
testuser03517,Test1234,13800003517
testuser03518,Test1234,13800003518
testuser03519,Test1234,13800003519
testuser03520,Test1234,13800003520
testuser03521,Test1234,13800003521
testuser03522,Test1234,13800003522
testuser03523,Test1234,13800003523
testuser03524,Test1234,13800003524
testuser03525,Test1234,13800003525
testuser03526,Test1234,13800003526
testuser03527,Test1234,13800003527
testuser03528,Test1234,13800003528
testuser03529,Test1234,13800003529
testuser03530,Test1234,13800003530
testuser03531,Test1234,13800003531
testuser03532,Test1234,13800003532
testuser03533,Test1234,13800003533
testuser03534,Test1234,13800003534
testuser03535,Test1234,13800003535
testuser03536,Test1234,13800003536
testuser03537,Test1234,13800003537
testuser03538,Test1234,13800003538
testuser03539,Test1234,13800003539
testuser03540,Test1234,13800003540
testuser03541,Test1234,13800003541
testuser03542,Test1234,13800003542
testuser03543,Test1234,13800003543
testuser03544,Test1234,13800003544
testuser03545,Test1234,13800003545
testuser03546,Test1234,13800003546
testuser03547,Test1234,13800003547
testuser03548,Test1234,13800003548
testuser03549,Test1234,13800003549
testuser03550,Test1234,13800003550
testuser03551,Test1234,13800003551
testuser03552,Test1234,13800003552
testuser03553,Test1234,13800003553
testuser03554,Test1234,13800003554
testuser03555,Test1234,13800003555
testuser03556,Test1234,13800003556
testuser03557,Test1234,13800003557
testuser03558,Test1234,13800003558
testuser03559,Test1234,13800003559
testuser03560,Test1234,13800003560
testuser03561,Test1234,13800003561
testuser03562,Test1234,13800003562
testuser03563,Test1234,13800003563
testuser03564,Test1234,13800003564
testuser03565,Test1234,13800003565
testuser03566,Test1234,13800003566
testuser03567,Test1234,13800003567
testuser03568,Test1234,13800003568
testuser03569,Test1234,13800003569
testuser03570,Test1234,13800003570
testuser03571,Test1234,13800003571
testuser03572,Test1234,13800003572
testuser03573,Test1234,13800003573
testuser03574,Test1234,13800003574
testuser03575,Test1234,13800003575
testuser03576,Test1234,13800003576
testuser03577,Test1234,13800003577
testuser03578,Test1234,13800003578
testuser03579,Test1234,13800003579
testuser03580,Test1234,13800003580
testuser03581,Test1234,13800003581
testuser03582,Test1234,13800003582
testuser03583,Test1234,13800003583
testuser03584,Test1234,13800003584
testuser03585,Test1234,13800003585
testuser03586,Test1234,13800003586
testuser03587,Test1234,13800003587
testuser03588,Test1234,13800003588
testuser03589,Test1234,13800003589
testuser03590,Test1234,13800003590
testuser03591,Test1234,13800003591
testuser03592,Test1234,13800003592
testuser03593,Test1234,13800003593
testuser03594,Test1234,13800003594
testuser03595,Test1234,13800003595
testuser03596,Test1234,13800003596
testuser03597,Test1234,13800003597
testuser03598,Test1234,13800003598
testuser03599,Test1234,13800003599
testuser03600,Test1234,13800003600
testuser03601,Test1234,13800003601
testuser03602,Test1234,13800003602
testuser03603,Test1234,13800003603
testuser03604,Test1234,13800003604
testuser03605,Test1234,13800003605
testuser03606,Test1234,13800003606
testuser03607,Test1234,13800003607
testuser03608,Test1234,13800003608
testuser03609,Test1234,13800003609
testuser03610,Test1234,13800003610
testuser03611,Test1234,13800003611
testuser03612,Test1234,13800003612
testuser03613,Test1234,13800003613
testuser03614,Test1234,13800003614
testuser03615,Test1234,13800003615
testuser03616,Test1234,13800003616
testuser03617,Test1234,13800003617
testuser03618,Test1234,13800003618
testuser03619,Test1234,13800003619
testuser03620,Test1234,13800003620
testuser03621,Test1234,13800003621
testuser03622,Test1234,13800003622
testuser03623,Test1234,13800003623
testuser03624,Test1234,13800003624
testuser03625,Test1234,13800003625
testuser03626,Test1234,13800003626
testuser03627,Test1234,13800003627
testuser03628,Test1234,13800003628
testuser03629,Test1234,13800003629
testuser03630,Test1234,13800003630
testuser03631,Test1234,13800003631
testuser03632,Test1234,13800003632
testuser03633,Test1234,13800003633
testuser03634,Test1234,13800003634
testuser03635,Test1234,13800003635
testuser03636,Test1234,13800003636
testuser03637,Test1234,13800003637
testuser03638,Test1234,13800003638
testuser03639,Test1234,13800003639
testuser03640,Test1234,13800003640
testuser03641,Test1234,13800003641
testuser03642,Test1234,13800003642
testuser03643,Test1234,13800003643
testuser03644,Test1234,13800003644
testuser03645,Test1234,13800003645
testuser03646,Test1234,13800003646
testuser03647,Test1234,13800003647
testuser03648,Test1234,13800003648
testuser03649,Test1234,13800003649
testuser03650,Test1234,13800003650
testuser03651,Test1234,13800003651
testuser03652,Test1234,13800003652
testuser03653,Test1234,13800003653
testuser03654,Test1234,13800003654
testuser03655,Test1234,13800003655
testuser03656,Test1234,13800003656
testuser03657,Test1234,13800003657
testuser03658,Test1234,13800003658
testuser03659,Test1234,13800003659
testuser03660,Test1234,13800003660
testuser03661,Test1234,13800003661
testuser03662,Test1234,13800003662
testuser03663,Test1234,13800003663
testuser03664,Test1234,13800003664
testuser03665,Test1234,13800003665
testuser03666,Test1234,13800003666
testuser03667,Test1234,13800003667
testuser03668,Test1234,13800003668
testuser03669,Test1234,13800003669
testuser03670,Test1234,13800003670
testuser03671,Test1234,13800003671
testuser03672,Test1234,13800003672
testuser03673,Test1234,13800003673
testuser03674,Test1234,13800003674
testuser03675,Test1234,13800003675
testuser03676,Test1234,13800003676
testuser03677,Test1234,13800003677
testuser03678,Test1234,13800003678
testuser03679,Test1234,13800003679
testuser03680,Test1234,13800003680
testuser03681,Test1234,13800003681
testuser03682,Test1234,13800003682
testuser03683,Test1234,13800003683
testuser03684,Test1234,13800003684
testuser03685,Test1234,13800003685
testuser03686,Test1234,13800003686
testuser03687,Test1234,13800003687
testuser03688,Test1234,13800003688
testuser03689,Test1234,13800003689
testuser03690,Test1234,13800003690
testuser03691,Test1234,13800003691
testuser03692,Test1234,13800003692
testuser03693,Test1234,13800003693
testuser03694,Test1234,13800003694
testuser03695,Test1234,13800003695
testuser03696,Test1234,13800003696
testuser03697,Test1234,13800003697
testuser03698,Test1234,13800003698
testuser03699,Test1234,13800003699
testuser03700,Test1234,13800003700
testuser03701,Test1234,13800003701
testuser03702,Test1234,13800003702
testuser03703,Test1234,13800003703
testuser03704,Test1234,13800003704
testuser03705,Test1234,13800003705
testuser03706,Test1234,13800003706
testuser03707,Test1234,13800003707
testuser03708,Test1234,13800003708
testuser03709,Test1234,13800003709
testuser03710,Test1234,13800003710
testuser03711,Test1234,13800003711
testuser03712,Test1234,13800003712
testuser03713,Test1234,13800003713
testuser03714,Test1234,13800003714
testuser03715,Test1234,13800003715
testuser03716,Test1234,13800003716
testuser03717,Test1234,13800003717
testuser03718,Test1234,13800003718
testuser03719,Test1234,13800003719
testuser03720,Test1234,13800003720
testuser03721,Test1234,13800003721
testuser03722,Test1234,13800003722
testuser03723,Test1234,13800003723
testuser03724,Test1234,13800003724
testuser03725,Test1234,13800003725
testuser03726,Test1234,13800003726
testuser03727,Test1234,13800003727
testuser03728,Test1234,13800003728
testuser03729,Test1234,13800003729
testuser03730,Test1234,13800003730
testuser03731,Test1234,13800003731
testuser03732,Test1234,13800003732
testuser03733,Test1234,13800003733
testuser03734,Test1234,13800003734
testuser03735,Test1234,13800003735
testuser03736,Test1234,13800003736
testuser03737,Test1234,13800003737
testuser03738,Test1234,13800003738
testuser03739,Test1234,13800003739
testuser03740,Test1234,13800003740
testuser03741,Test1234,13800003741
testuser03742,Test1234,13800003742
testuser03743,Test1234,13800003743
testuser03744,Test1234,13800003744
testuser03745,Test1234,13800003745
testuser03746,Test1234,13800003746
testuser03747,Test1234,13800003747
testuser03748,Test1234,13800003748
testuser03749,Test1234,13800003749
testuser03750,Test1234,13800003750
testuser03751,Test1234,13800003751
testuser03752,Test1234,13800003752
testuser03753,Test1234,13800003753
testuser03754,Test1234,13800003754
testuser03755,Test1234,13800003755
testuser03756,Test1234,13800003756
testuser03757,Test1234,13800003757
testuser03758,Test1234,13800003758
testuser03759,Test1234,13800003759
testuser03760,Test1234,13800003760
testuser03761,Test1234,13800003761
testuser03762,Test1234,13800003762
testuser03763,Test1234,13800003763
testuser03764,Test1234,13800003764
testuser03765,Test1234,13800003765
testuser03766,Test1234,13800003766
testuser03767,Test1234,13800003767
testuser03768,Test1234,13800003768
testuser03769,Test1234,13800003769
testuser03770,Test1234,13800003770
testuser03771,Test1234,13800003771
testuser03772,Test1234,13800003772
testuser03773,Test1234,13800003773
testuser03774,Test1234,13800003774
testuser03775,Test1234,13800003775
testuser03776,Test1234,13800003776
testuser03777,Test1234,13800003777
testuser03778,Test1234,13800003778
testuser03779,Test1234,13800003779
testuser03780,Test1234,13800003780
testuser03781,Test1234,13800003781
testuser03782,Test1234,13800003782
testuser03783,Test1234,13800003783
testuser03784,Test1234,13800003784
testuser03785,Test1234,13800003785
testuser03786,Test1234,13800003786
testuser03787,Test1234,13800003787
testuser03788,Test1234,13800003788
testuser03789,Test1234,13800003789
testuser03790,Test1234,13800003790
testuser03791,Test1234,13800003791
testuser03792,Test1234,13800003792
testuser03793,Test1234,13800003793
testuser03794,Test1234,13800003794
testuser03795,Test1234,13800003795
testuser03796,Test1234,13800003796
testuser03797,Test1234,13800003797
testuser03798,Test1234,13800003798
testuser03799,Test1234,13800003799
testuser03800,Test1234,13800003800
testuser03801,Test1234,13800003801
testuser03802,Test1234,13800003802
testuser03803,Test1234,13800003803
testuser03804,Test1234,13800003804
testuser03805,Test1234,13800003805
testuser03806,Test1234,13800003806
testuser03807,Test1234,13800003807
testuser03808,Test1234,13800003808
testuser03809,Test1234,13800003809
testuser03810,Test1234,13800003810
testuser03811,Test1234,13800003811
testuser03812,Test1234,13800003812
testuser03813,Test1234,13800003813
testuser03814,Test1234,13800003814
testuser03815,Test1234,13800003815
testuser03816,Test1234,13800003816
testuser03817,Test1234,13800003817
testuser03818,Test1234,13800003818
testuser03819,Test1234,13800003819
testuser03820,Test1234,13800003820
testuser03821,Test1234,13800003821
testuser03822,Test1234,13800003822
testuser03823,Test1234,13800003823
testuser03824,Test1234,13800003824
testuser03825,Test1234,13800003825
testuser03826,Test1234,13800003826
testuser03827,Test1234,13800003827
testuser03828,Test1234,13800003828
testuser03829,Test1234,13800003829
testuser03830,Test1234,13800003830
testuser03831,Test1234,13800003831
testuser03832,Test1234,13800003832
testuser03833,Test1234,13800003833
testuser03834,Test1234,13800003834
testuser03835,Test1234,13800003835
testuser03836,Test1234,13800003836
testuser03837,Test1234,13800003837
testuser03838,Test1234,13800003838
testuser03839,Test1234,13800003839
testuser03840,Test1234,13800003840
testuser03841,Test1234,13800003841
testuser03842,Test1234,13800003842
testuser03843,Test1234,13800003843
testuser03844,Test1234,13800003844
testuser03845,Test1234,13800003845
testuser03846,Test1234,13800003846
testuser03847,Test1234,13800003847
testuser03848,Test1234,13800003848
testuser03849,Test1234,13800003849
testuser03850,Test1234,13800003850
testuser03851,Test1234,13800003851
testuser03852,Test1234,13800003852
testuser03853,Test1234,13800003853
testuser03854,Test1234,13800003854
testuser03855,Test1234,13800003855
testuser03856,Test1234,13800003856
testuser03857,Test1234,13800003857
testuser03858,Test1234,13800003858
testuser03859,Test1234,13800003859
testuser03860,Test1234,13800003860
testuser03861,Test1234,13800003861
testuser03862,Test1234,13800003862
testuser03863,Test1234,13800003863
testuser03864,Test1234,13800003864
testuser03865,Test1234,13800003865
testuser03866,Test1234,13800003866
testuser03867,Test1234,13800003867
testuser03868,Test1234,13800003868
testuser03869,Test1234,13800003869
testuser03870,Test1234,13800003870
testuser03871,Test1234,13800003871
testuser03872,Test1234,13800003872
testuser03873,Test1234,13800003873
testuser03874,Test1234,13800003874
testuser03875,Test1234,13800003875
testuser03876,Test1234,13800003876
testuser03877,Test1234,13800003877
testuser03878,Test1234,13800003878
testuser03879,Test1234,13800003879
testuser03880,Test1234,13800003880
testuser03881,Test1234,13800003881
testuser03882,Test1234,13800003882
testuser03883,Test1234,13800003883
testuser03884,Test1234,13800003884
testuser03885,Test1234,13800003885
testuser03886,Test1234,13800003886
testuser03887,Test1234,13800003887
testuser03888,Test1234,13800003888
testuser03889,Test1234,13800003889
testuser03890,Test1234,13800003890
testuser03891,Test1234,13800003891
testuser03892,Test1234,13800003892
testuser03893,Test1234,13800003893
testuser03894,Test1234,13800003894
testuser03895,Test1234,13800003895
testuser03896,Test1234,13800003896
testuser03897,Test1234,13800003897
testuser03898,Test1234,13800003898
testuser03899,Test1234,13800003899
testuser03900,Test1234,13800003900
testuser03901,Test1234,13800003901
testuser03902,Test1234,13800003902
testuser03903,Test1234,13800003903
testuser03904,Test1234,13800003904
testuser03905,Test1234,13800003905
testuser03906,Test1234,13800003906
testuser03907,Test1234,13800003907
testuser03908,Test1234,13800003908
testuser03909,Test1234,13800003909
testuser03910,Test1234,13800003910
testuser03911,Test1234,13800003911
testuser03912,Test1234,13800003912
testuser03913,Test1234,13800003913
testuser03914,Test1234,13800003914
testuser03915,Test1234,13800003915
testuser03916,Test1234,13800003916
testuser03917,Test1234,13800003917
testuser03918,Test1234,13800003918
testuser03919,Test1234,13800003919
testuser03920,Test1234,13800003920
testuser03921,Test1234,13800003921
testuser03922,Test1234,13800003922
testuser03923,Test1234,13800003923
testuser03924,Test1234,13800003924
testuser03925,Test1234,13800003925
testuser03926,Test1234,13800003926
testuser03927,Test1234,13800003927
testuser03928,Test1234,13800003928
testuser03929,Test1234,13800003929
testuser03930,Test1234,13800003930
testuser03931,Test1234,13800003931
testuser03932,Test1234,13800003932
testuser03933,Test1234,13800003933
testuser03934,Test1234,13800003934
testuser03935,Test1234,13800003935
testuser03936,Test1234,13800003936
testuser03937,Test1234,13800003937
testuser03938,Test1234,13800003938
testuser03939,Test1234,13800003939
testuser03940,Test1234,13800003940
testuser03941,Test1234,13800003941
testuser03942,Test1234,13800003942
testuser03943,Test1234,13800003943
testuser03944,Test1234,13800003944
testuser03945,Test1234,13800003945
testuser03946,Test1234,13800003946
testuser03947,Test1234,13800003947
testuser03948,Test1234,13800003948
testuser03949,Test1234,13800003949
testuser03950,Test1234,13800003950
testuser03951,Test1234,13800003951
testuser03952,Test1234,13800003952
testuser03953,Test1234,13800003953
testuser03954,Test1234,13800003954
testuser03955,Test1234,13800003955
testuser03956,Test1234,13800003956
testuser03957,Test1234,13800003957
testuser03958,Test1234,13800003958
testuser03959,Test1234,13800003959
testuser03960,Test1234,13800003960
testuser03961,Test1234,13800003961
testuser03962,Test1234,13800003962
testuser03963,Test1234,13800003963
testuser03964,Test1234,13800003964
testuser03965,Test1234,13800003965
testuser03966,Test1234,13800003966
testuser03967,Test1234,13800003967
testuser03968,Test1234,13800003968
testuser03969,Test1234,13800003969
testuser03970,Test1234,13800003970
testuser03971,Test1234,13800003971
testuser03972,Test1234,13800003972
testuser03973,Test1234,13800003973
testuser03974,Test1234,13800003974
testuser03975,Test1234,13800003975
testuser03976,Test1234,13800003976
testuser03977,Test1234,13800003977
testuser03978,Test1234,13800003978
testuser03979,Test1234,13800003979
testuser03980,Test1234,13800003980
testuser03981,Test1234,13800003981
testuser03982,Test1234,13800003982
testuser03983,Test1234,13800003983
testuser03984,Test1234,13800003984
testuser03985,Test1234,13800003985
testuser03986,Test1234,13800003986
testuser03987,Test1234,13800003987
testuser03988,Test1234,13800003988
testuser03989,Test1234,13800003989
testuser03990,Test1234,13800003990
testuser03991,Test1234,13800003991
testuser03992,Test1234,13800003992
testuser03993,Test1234,13800003993
testuser03994,Test1234,13800003994
testuser03995,Test1234,13800003995
testuser03996,Test1234,13800003996
testuser03997,Test1234,13800003997
testuser03998,Test1234,13800003998
testuser03999,Test1234,13800003999
testuser04000,Test1234,13800004000
testuser04001,Test1234,13800004001
testuser04002,Test1234,13800004002
testuser04003,Test1234,13800004003
testuser04004,Test1234,13800004004
testuser04005,Test1234,13800004005
testuser04006,Test1234,13800004006
testuser04007,Test1234,13800004007
testuser04008,Test1234,13800004008
testuser04009,Test1234,13800004009
testuser04010,Test1234,13800004010
testuser04011,Test1234,13800004011
testuser04012,Test1234,13800004012
testuser04013,Test1234,13800004013
testuser04014,Test1234,13800004014
testuser04015,Test1234,13800004015
testuser04016,Test1234,13800004016
testuser04017,Test1234,13800004017
testuser04018,Test1234,13800004018
testuser04019,Test1234,13800004019
testuser04020,Test1234,13800004020
testuser04021,Test1234,13800004021
testuser04022,Test1234,13800004022
testuser04023,Test1234,13800004023
testuser04024,Test1234,13800004024
testuser04025,Test1234,13800004025
testuser04026,Test1234,13800004026
testuser04027,Test1234,13800004027
testuser04028,Test1234,13800004028
testuser04029,Test1234,13800004029
testuser04030,Test1234,13800004030
testuser04031,Test1234,13800004031
testuser04032,Test1234,13800004032
testuser04033,Test1234,13800004033
testuser04034,Test1234,13800004034
testuser04035,Test1234,13800004035
testuser04036,Test1234,13800004036
testuser04037,Test1234,13800004037
testuser04038,Test1234,13800004038
testuser04039,Test1234,13800004039
testuser04040,Test1234,13800004040
testuser04041,Test1234,13800004041
testuser04042,Test1234,13800004042
testuser04043,Test1234,13800004043
testuser04044,Test1234,13800004044
testuser04045,Test1234,13800004045
testuser04046,Test1234,13800004046
testuser04047,Test1234,13800004047
testuser04048,Test1234,13800004048
testuser04049,Test1234,13800004049
testuser04050,Test1234,13800004050
testuser04051,Test1234,13800004051
testuser04052,Test1234,13800004052
testuser04053,Test1234,13800004053
testuser04054,Test1234,13800004054
testuser04055,Test1234,13800004055
testuser04056,Test1234,13800004056
testuser04057,Test1234,13800004057
testuser04058,Test1234,13800004058
testuser04059,Test1234,13800004059
testuser04060,Test1234,13800004060
testuser04061,Test1234,13800004061
testuser04062,Test1234,13800004062
testuser04063,Test1234,13800004063
testuser04064,Test1234,13800004064
testuser04065,Test1234,13800004065
testuser04066,Test1234,13800004066
testuser04067,Test1234,13800004067
testuser04068,Test1234,13800004068
testuser04069,Test1234,13800004069
testuser04070,Test1234,13800004070
testuser04071,Test1234,13800004071
testuser04072,Test1234,13800004072
testuser04073,Test1234,13800004073
testuser04074,Test1234,13800004074
testuser04075,Test1234,13800004075
testuser04076,Test1234,13800004076
testuser04077,Test1234,13800004077
testuser04078,Test1234,13800004078
testuser04079,Test1234,13800004079
testuser04080,Test1234,13800004080
testuser04081,Test1234,13800004081
testuser04082,Test1234,13800004082
testuser04083,Test1234,13800004083
testuser04084,Test1234,13800004084
testuser04085,Test1234,13800004085
testuser04086,Test1234,13800004086
testuser04087,Test1234,13800004087
testuser04088,Test1234,13800004088
testuser04089,Test1234,13800004089
testuser04090,Test1234,13800004090
testuser04091,Test1234,13800004091
testuser04092,Test1234,13800004092
testuser04093,Test1234,13800004093
testuser04094,Test1234,13800004094
testuser04095,Test1234,13800004095
testuser04096,Test1234,13800004096
testuser04097,Test1234,13800004097
testuser04098,Test1234,13800004098
testuser04099,Test1234,13800004099
testuser04100,Test1234,13800004100
testuser04101,Test1234,13800004101
testuser04102,Test1234,13800004102
testuser04103,Test1234,13800004103
testuser04104,Test1234,13800004104
testuser04105,Test1234,13800004105
testuser04106,Test1234,13800004106
testuser04107,Test1234,13800004107
testuser04108,Test1234,13800004108
testuser04109,Test1234,13800004109
testuser04110,Test1234,13800004110
testuser04111,Test1234,13800004111
testuser04112,Test1234,13800004112
testuser04113,Test1234,13800004113
testuser04114,Test1234,13800004114
testuser04115,Test1234,13800004115
testuser04116,Test1234,13800004116
testuser04117,Test1234,13800004117
testuser04118,Test1234,13800004118
testuser04119,Test1234,13800004119
testuser04120,Test1234,13800004120
testuser04121,Test1234,13800004121
testuser04122,Test1234,13800004122
testuser04123,Test1234,13800004123
testuser04124,Test1234,13800004124
testuser04125,Test1234,13800004125
testuser04126,Test1234,13800004126
testuser04127,Test1234,13800004127
testuser04128,Test1234,13800004128
testuser04129,Test1234,13800004129
testuser04130,Test1234,13800004130
testuser04131,Test1234,13800004131
testuser04132,Test1234,13800004132
testuser04133,Test1234,13800004133
testuser04134,Test1234,13800004134
testuser04135,Test1234,13800004135
testuser04136,Test1234,13800004136
testuser04137,Test1234,13800004137
testuser04138,Test1234,13800004138
testuser04139,Test1234,13800004139
testuser04140,Test1234,13800004140
testuser04141,Test1234,13800004141
testuser04142,Test1234,13800004142
testuser04143,Test1234,13800004143
testuser04144,Test1234,13800004144
testuser04145,Test1234,13800004145
testuser04146,Test1234,13800004146
testuser04147,Test1234,13800004147
testuser04148,Test1234,13800004148
testuser04149,Test1234,13800004149
testuser04150,Test1234,13800004150
testuser04151,Test1234,13800004151
testuser04152,Test1234,13800004152
testuser04153,Test1234,13800004153
testuser04154,Test1234,13800004154
testuser04155,Test1234,13800004155
testuser04156,Test1234,13800004156
testuser04157,Test1234,13800004157
testuser04158,Test1234,13800004158
testuser04159,Test1234,13800004159
testuser04160,Test1234,13800004160
testuser04161,Test1234,13800004161
testuser04162,Test1234,13800004162
testuser04163,Test1234,13800004163
testuser04164,Test1234,13800004164
testuser04165,Test1234,13800004165
testuser04166,Test1234,13800004166
testuser04167,Test1234,13800004167
testuser04168,Test1234,13800004168
testuser04169,Test1234,13800004169
testuser04170,Test1234,13800004170
testuser04171,Test1234,13800004171
testuser04172,Test1234,13800004172
testuser04173,Test1234,13800004173
testuser04174,Test1234,13800004174
testuser04175,Test1234,13800004175
testuser04176,Test1234,13800004176
testuser04177,Test1234,13800004177
testuser04178,Test1234,13800004178
testuser04179,Test1234,13800004179
testuser04180,Test1234,13800004180
testuser04181,Test1234,13800004181
testuser04182,Test1234,13800004182
testuser04183,Test1234,13800004183
testuser04184,Test1234,13800004184
testuser04185,Test1234,13800004185
testuser04186,Test1234,13800004186
testuser04187,Test1234,13800004187
testuser04188,Test1234,13800004188
testuser04189,Test1234,13800004189
testuser04190,Test1234,13800004190
testuser04191,Test1234,13800004191
testuser04192,Test1234,13800004192
testuser04193,Test1234,13800004193
testuser04194,Test1234,13800004194
testuser04195,Test1234,13800004195
testuser04196,Test1234,13800004196
testuser04197,Test1234,13800004197
testuser04198,Test1234,13800004198
testuser04199,Test1234,13800004199
testuser04200,Test1234,13800004200
testuser04201,Test1234,13800004201
testuser04202,Test1234,13800004202
testuser04203,Test1234,13800004203
testuser04204,Test1234,13800004204
testuser04205,Test1234,13800004205
testuser04206,Test1234,13800004206
testuser04207,Test1234,13800004207
testuser04208,Test1234,13800004208
testuser04209,Test1234,13800004209
testuser04210,Test1234,13800004210
testuser04211,Test1234,13800004211
testuser04212,Test1234,13800004212
testuser04213,Test1234,13800004213
testuser04214,Test1234,13800004214
testuser04215,Test1234,13800004215
testuser04216,Test1234,13800004216
testuser04217,Test1234,13800004217
testuser04218,Test1234,13800004218
testuser04219,Test1234,13800004219
testuser04220,Test1234,13800004220
testuser04221,Test1234,13800004221
testuser04222,Test1234,13800004222
testuser04223,Test1234,13800004223
testuser04224,Test1234,13800004224
testuser04225,Test1234,13800004225
testuser04226,Test1234,13800004226
testuser04227,Test1234,13800004227
testuser04228,Test1234,13800004228
testuser04229,Test1234,13800004229
testuser04230,Test1234,13800004230
testuser04231,Test1234,13800004231
testuser04232,Test1234,13800004232
testuser04233,Test1234,13800004233
testuser04234,Test1234,13800004234
testuser04235,Test1234,13800004235
testuser04236,Test1234,13800004236
testuser04237,Test1234,13800004237
testuser04238,Test1234,13800004238
testuser04239,Test1234,13800004239
testuser04240,Test1234,13800004240
testuser04241,Test1234,13800004241
testuser04242,Test1234,13800004242
testuser04243,Test1234,13800004243
testuser04244,Test1234,13800004244
testuser04245,Test1234,13800004245
testuser04246,Test1234,13800004246
testuser04247,Test1234,13800004247
testuser04248,Test1234,13800004248
testuser04249,Test1234,13800004249
testuser04250,Test1234,13800004250
testuser04251,Test1234,13800004251
testuser04252,Test1234,13800004252
testuser04253,Test1234,13800004253
testuser04254,Test1234,13800004254
testuser04255,Test1234,13800004255
testuser04256,Test1234,13800004256
testuser04257,Test1234,13800004257
testuser04258,Test1234,13800004258
testuser04259,Test1234,13800004259
testuser04260,Test1234,13800004260
testuser04261,Test1234,13800004261
testuser04262,Test1234,13800004262
testuser04263,Test1234,13800004263
testuser04264,Test1234,13800004264
testuser04265,Test1234,13800004265
testuser04266,Test1234,13800004266
testuser04267,Test1234,13800004267
testuser04268,Test1234,13800004268
testuser04269,Test1234,13800004269
testuser04270,Test1234,13800004270
testuser04271,Test1234,13800004271
testuser04272,Test1234,13800004272
testuser04273,Test1234,13800004273
testuser04274,Test1234,13800004274
testuser04275,Test1234,13800004275
testuser04276,Test1234,13800004276
testuser04277,Test1234,13800004277
testuser04278,Test1234,13800004278
testuser04279,Test1234,13800004279
testuser04280,Test1234,13800004280
testuser04281,Test1234,13800004281
testuser04282,Test1234,13800004282
testuser04283,Test1234,13800004283
testuser04284,Test1234,13800004284
testuser04285,Test1234,13800004285
testuser04286,Test1234,13800004286
testuser04287,Test1234,13800004287
testuser04288,Test1234,13800004288
testuser04289,Test1234,13800004289
testuser04290,Test1234,13800004290
testuser04291,Test1234,13800004291
testuser04292,Test1234,13800004292
testuser04293,Test1234,13800004293
testuser04294,Test1234,13800004294
testuser04295,Test1234,13800004295
testuser04296,Test1234,13800004296
testuser04297,Test1234,13800004297
testuser04298,Test1234,13800004298
testuser04299,Test1234,13800004299
testuser04300,Test1234,13800004300
testuser04301,Test1234,13800004301
testuser04302,Test1234,13800004302
testuser04303,Test1234,13800004303
testuser04304,Test1234,13800004304
testuser04305,Test1234,13800004305
testuser04306,Test1234,13800004306
testuser04307,Test1234,13800004307
testuser04308,Test1234,13800004308
testuser04309,Test1234,13800004309
testuser04310,Test1234,13800004310
testuser04311,Test1234,13800004311
testuser04312,Test1234,13800004312
testuser04313,Test1234,13800004313
testuser04314,Test1234,13800004314
testuser04315,Test1234,13800004315
testuser04316,Test1234,13800004316
testuser04317,Test1234,13800004317
testuser04318,Test1234,13800004318
testuser04319,Test1234,13800004319
testuser04320,Test1234,13800004320
testuser04321,Test1234,13800004321
testuser04322,Test1234,13800004322
testuser04323,Test1234,13800004323
testuser04324,Test1234,13800004324
testuser04325,Test1234,13800004325
testuser04326,Test1234,13800004326
testuser04327,Test1234,13800004327
testuser04328,Test1234,13800004328
testuser04329,Test1234,13800004329
testuser04330,Test1234,13800004330
testuser04331,Test1234,13800004331
testuser04332,Test1234,13800004332
testuser04333,Test1234,13800004333
testuser04334,Test1234,13800004334
testuser04335,Test1234,13800004335
testuser04336,Test1234,13800004336
testuser04337,Test1234,13800004337
testuser04338,Test1234,13800004338
testuser04339,Test1234,13800004339
testuser04340,Test1234,13800004340
testuser04341,Test1234,13800004341
testuser04342,Test1234,13800004342
testuser04343,Test1234,13800004343
testuser04344,Test1234,13800004344
testuser04345,Test1234,13800004345
testuser04346,Test1234,13800004346
testuser04347,Test1234,13800004347
testuser04348,Test1234,13800004348
testuser04349,Test1234,13800004349
testuser04350,Test1234,13800004350
testuser04351,Test1234,13800004351
testuser04352,Test1234,13800004352
testuser04353,Test1234,13800004353
testuser04354,Test1234,13800004354
testuser04355,Test1234,13800004355
testuser04356,Test1234,13800004356
testuser04357,Test1234,13800004357
testuser04358,Test1234,13800004358
testuser04359,Test1234,13800004359
testuser04360,Test1234,13800004360
testuser04361,Test1234,13800004361
testuser04362,Test1234,13800004362
testuser04363,Test1234,13800004363
testuser04364,Test1234,13800004364
testuser04365,Test1234,13800004365
testuser04366,Test1234,13800004366
testuser04367,Test1234,13800004367
testuser04368,Test1234,13800004368
testuser04369,Test1234,13800004369
testuser04370,Test1234,13800004370
testuser04371,Test1234,13800004371
testuser04372,Test1234,13800004372
testuser04373,Test1234,13800004373
testuser04374,Test1234,13800004374
testuser04375,Test1234,13800004375
testuser04376,Test1234,13800004376
testuser04377,Test1234,13800004377
testuser04378,Test1234,13800004378
testuser04379,Test1234,13800004379
testuser04380,Test1234,13800004380
testuser04381,Test1234,13800004381
testuser04382,Test1234,13800004382
testuser04383,Test1234,13800004383
testuser04384,Test1234,13800004384
testuser04385,Test1234,13800004385
testuser04386,Test1234,13800004386
testuser04387,Test1234,13800004387
testuser04388,Test1234,13800004388
testuser04389,Test1234,13800004389
testuser04390,Test1234,13800004390
testuser04391,Test1234,13800004391
testuser04392,Test1234,13800004392
testuser04393,Test1234,13800004393
testuser04394,Test1234,13800004394
testuser04395,Test1234,13800004395
testuser04396,Test1234,13800004396
testuser04397,Test1234,13800004397
testuser04398,Test1234,13800004398
testuser04399,Test1234,13800004399
testuser04400,Test1234,13800004400
testuser04401,Test1234,13800004401
testuser04402,Test1234,13800004402
testuser04403,Test1234,13800004403
testuser04404,Test1234,13800004404
testuser04405,Test1234,13800004405
testuser04406,Test1234,13800004406
testuser04407,Test1234,13800004407
testuser04408,Test1234,13800004408
testuser04409,Test1234,13800004409
testuser04410,Test1234,13800004410
testuser04411,Test1234,13800004411
testuser04412,Test1234,13800004412
testuser04413,Test1234,13800004413
testuser04414,Test1234,13800004414
testuser04415,Test1234,13800004415
testuser04416,Test1234,13800004416
testuser04417,Test1234,13800004417
testuser04418,Test1234,13800004418
testuser04419,Test1234,13800004419
testuser04420,Test1234,13800004420
testuser04421,Test1234,13800004421
testuser04422,Test1234,13800004422
testuser04423,Test1234,13800004423
testuser04424,Test1234,13800004424
testuser04425,Test1234,13800004425
testuser04426,Test1234,13800004426
testuser04427,Test1234,13800004427
testuser04428,Test1234,13800004428
testuser04429,Test1234,13800004429
testuser04430,Test1234,13800004430
testuser04431,Test1234,13800004431
testuser04432,Test1234,13800004432
testuser04433,Test1234,13800004433
testuser04434,Test1234,13800004434
testuser04435,Test1234,13800004435
testuser04436,Test1234,13800004436
testuser04437,Test1234,13800004437
testuser04438,Test1234,13800004438
testuser04439,Test1234,13800004439
testuser04440,Test1234,13800004440
testuser04441,Test1234,13800004441
testuser04442,Test1234,13800004442
testuser04443,Test1234,13800004443
testuser04444,Test1234,13800004444
testuser04445,Test1234,13800004445
testuser04446,Test1234,13800004446
testuser04447,Test1234,13800004447
testuser04448,Test1234,13800004448
testuser04449,Test1234,13800004449
testuser04450,Test1234,13800004450
testuser04451,Test1234,13800004451
testuser04452,Test1234,13800004452
testuser04453,Test1234,13800004453
testuser04454,Test1234,13800004454
testuser04455,Test1234,13800004455
testuser04456,Test1234,13800004456
testuser04457,Test1234,13800004457
testuser04458,Test1234,13800004458
testuser04459,Test1234,13800004459
testuser04460,Test1234,13800004460
testuser04461,Test1234,13800004461
testuser04462,Test1234,13800004462
testuser04463,Test1234,13800004463
testuser04464,Test1234,13800004464
testuser04465,Test1234,13800004465
testuser04466,Test1234,13800004466
testuser04467,Test1234,13800004467
testuser04468,Test1234,13800004468
testuser04469,Test1234,13800004469
testuser04470,Test1234,13800004470
testuser04471,Test1234,13800004471
testuser04472,Test1234,13800004472
testuser04473,Test1234,13800004473
testuser04474,Test1234,13800004474
testuser04475,Test1234,13800004475
testuser04476,Test1234,13800004476
testuser04477,Test1234,13800004477
testuser04478,Test1234,13800004478
testuser04479,Test1234,13800004479
testuser04480,Test1234,13800004480
testuser04481,Test1234,13800004481
testuser04482,Test1234,13800004482
testuser04483,Test1234,13800004483
testuser04484,Test1234,13800004484
testuser04485,Test1234,13800004485
testuser04486,Test1234,13800004486
testuser04487,Test1234,13800004487
testuser04488,Test1234,13800004488
testuser04489,Test1234,13800004489
testuser04490,Test1234,13800004490
testuser04491,Test1234,13800004491
testuser04492,Test1234,13800004492
testuser04493,Test1234,13800004493
testuser04494,Test1234,13800004494
testuser04495,Test1234,13800004495
testuser04496,Test1234,13800004496
testuser04497,Test1234,13800004497
testuser04498,Test1234,13800004498
testuser04499,Test1234,13800004499
testuser04500,Test1234,13800004500
testuser04501,Test1234,13800004501
testuser04502,Test1234,13800004502
testuser04503,Test1234,13800004503
testuser04504,Test1234,13800004504
testuser04505,Test1234,13800004505
testuser04506,Test1234,13800004506
testuser04507,Test1234,13800004507
testuser04508,Test1234,13800004508
testuser04509,Test1234,13800004509
testuser04510,Test1234,13800004510
testuser04511,Test1234,13800004511
testuser04512,Test1234,13800004512
testuser04513,Test1234,13800004513
testuser04514,Test1234,13800004514
testuser04515,Test1234,13800004515
testuser04516,Test1234,13800004516
testuser04517,Test1234,13800004517
testuser04518,Test1234,13800004518
testuser04519,Test1234,13800004519
testuser04520,Test1234,13800004520
testuser04521,Test1234,13800004521
testuser04522,Test1234,13800004522
testuser04523,Test1234,13800004523
testuser04524,Test1234,13800004524
testuser04525,Test1234,13800004525
testuser04526,Test1234,13800004526
testuser04527,Test1234,13800004527
testuser04528,Test1234,13800004528
testuser04529,Test1234,13800004529
testuser04530,Test1234,13800004530
testuser04531,Test1234,13800004531
testuser04532,Test1234,13800004532
testuser04533,Test1234,13800004533
testuser04534,Test1234,13800004534
testuser04535,Test1234,13800004535
testuser04536,Test1234,13800004536
testuser04537,Test1234,13800004537
testuser04538,Test1234,13800004538
testuser04539,Test1234,13800004539
testuser04540,Test1234,13800004540
testuser04541,Test1234,13800004541
testuser04542,Test1234,13800004542
testuser04543,Test1234,13800004543
testuser04544,Test1234,13800004544
testuser04545,Test1234,13800004545
testuser04546,Test1234,13800004546
testuser04547,Test1234,13800004547
testuser04548,Test1234,13800004548
testuser04549,Test1234,13800004549
testuser04550,Test1234,13800004550
testuser04551,Test1234,13800004551
testuser04552,Test1234,13800004552
testuser04553,Test1234,13800004553
testuser04554,Test1234,13800004554
testuser04555,Test1234,13800004555
testuser04556,Test1234,13800004556
testuser04557,Test1234,13800004557
testuser04558,Test1234,13800004558
testuser04559,Test1234,13800004559
testuser04560,Test1234,13800004560
testuser04561,Test1234,13800004561
testuser04562,Test1234,13800004562
testuser04563,Test1234,13800004563
testuser04564,Test1234,13800004564
testuser04565,Test1234,13800004565
testuser04566,Test1234,13800004566
testuser04567,Test1234,13800004567
testuser04568,Test1234,13800004568
testuser04569,Test1234,13800004569
testuser04570,Test1234,13800004570
testuser04571,Test1234,13800004571
testuser04572,Test1234,13800004572
testuser04573,Test1234,13800004573
testuser04574,Test1234,13800004574
testuser04575,Test1234,13800004575
testuser04576,Test1234,13800004576
testuser04577,Test1234,13800004577
testuser04578,Test1234,13800004578
testuser04579,Test1234,13800004579
testuser04580,Test1234,13800004580
testuser04581,Test1234,13800004581
testuser04582,Test1234,13800004582
testuser04583,Test1234,13800004583
testuser04584,Test1234,13800004584
testuser04585,Test1234,13800004585
testuser04586,Test1234,13800004586
testuser04587,Test1234,13800004587
testuser04588,Test1234,13800004588
testuser04589,Test1234,13800004589
testuser04590,Test1234,13800004590
testuser04591,Test1234,13800004591
testuser04592,Test1234,13800004592
testuser04593,Test1234,13800004593
testuser04594,Test1234,13800004594
testuser04595,Test1234,13800004595
testuser04596,Test1234,13800004596
testuser04597,Test1234,13800004597
testuser04598,Test1234,13800004598
testuser04599,Test1234,13800004599
testuser04600,Test1234,13800004600
testuser04601,Test1234,13800004601
testuser04602,Test1234,13800004602
testuser04603,Test1234,13800004603
testuser04604,Test1234,13800004604
testuser04605,Test1234,13800004605
testuser04606,Test1234,13800004606
testuser04607,Test1234,13800004607
testuser04608,Test1234,13800004608
testuser04609,Test1234,13800004609
testuser04610,Test1234,13800004610
testuser04611,Test1234,13800004611
testuser04612,Test1234,13800004612
testuser04613,Test1234,13800004613
testuser04614,Test1234,13800004614
testuser04615,Test1234,13800004615
testuser04616,Test1234,13800004616
testuser04617,Test1234,13800004617
testuser04618,Test1234,13800004618
testuser04619,Test1234,13800004619
testuser04620,Test1234,13800004620
testuser04621,Test1234,13800004621
testuser04622,Test1234,13800004622
testuser04623,Test1234,13800004623
testuser04624,Test1234,13800004624
testuser04625,Test1234,13800004625
testuser04626,Test1234,13800004626
testuser04627,Test1234,13800004627
testuser04628,Test1234,13800004628
testuser04629,Test1234,13800004629
testuser04630,Test1234,13800004630
testuser04631,Test1234,13800004631
testuser04632,Test1234,13800004632
testuser04633,Test1234,13800004633
testuser04634,Test1234,13800004634
testuser04635,Test1234,13800004635
testuser04636,Test1234,13800004636
testuser04637,Test1234,13800004637
testuser04638,Test1234,13800004638
testuser04639,Test1234,13800004639
testuser04640,Test1234,13800004640
testuser04641,Test1234,13800004641
testuser04642,Test1234,13800004642
testuser04643,Test1234,13800004643
testuser04644,Test1234,13800004644
testuser04645,Test1234,13800004645
testuser04646,Test1234,13800004646
testuser04647,Test1234,13800004647
testuser04648,Test1234,13800004648
testuser04649,Test1234,13800004649
testuser04650,Test1234,13800004650
testuser04651,Test1234,13800004651
testuser04652,Test1234,13800004652
testuser04653,Test1234,13800004653
testuser04654,Test1234,13800004654
testuser04655,Test1234,13800004655
testuser04656,Test1234,13800004656
testuser04657,Test1234,13800004657
testuser04658,Test1234,13800004658
testuser04659,Test1234,13800004659
testuser04660,Test1234,13800004660
testuser04661,Test1234,13800004661
testuser04662,Test1234,13800004662
testuser04663,Test1234,13800004663
testuser04664,Test1234,13800004664
testuser04665,Test1234,13800004665
testuser04666,Test1234,13800004666
testuser04667,Test1234,13800004667
testuser04668,Test1234,13800004668
testuser04669,Test1234,13800004669
testuser04670,Test1234,13800004670
testuser04671,Test1234,13800004671
testuser04672,Test1234,13800004672
testuser04673,Test1234,13800004673
testuser04674,Test1234,13800004674
testuser04675,Test1234,13800004675
testuser04676,Test1234,13800004676
testuser04677,Test1234,13800004677
testuser04678,Test1234,13800004678
testuser04679,Test1234,13800004679
testuser04680,Test1234,13800004680
testuser04681,Test1234,13800004681
testuser04682,Test1234,13800004682
testuser04683,Test1234,13800004683
testuser04684,Test1234,13800004684
testuser04685,Test1234,13800004685
testuser04686,Test1234,13800004686
testuser04687,Test1234,13800004687
testuser04688,Test1234,13800004688
testuser04689,Test1234,13800004689
testuser04690,Test1234,13800004690
testuser04691,Test1234,13800004691
testuser04692,Test1234,13800004692
testuser04693,Test1234,13800004693
testuser04694,Test1234,13800004694
testuser04695,Test1234,13800004695
testuser04696,Test1234,13800004696
testuser04697,Test1234,13800004697
testuser04698,Test1234,13800004698
testuser04699,Test1234,13800004699
testuser04700,Test1234,13800004700
testuser04701,Test1234,13800004701
testuser04702,Test1234,13800004702
testuser04703,Test1234,13800004703
testuser04704,Test1234,13800004704
testuser04705,Test1234,13800004705
testuser04706,Test1234,13800004706
testuser04707,Test1234,13800004707
testuser04708,Test1234,13800004708
testuser04709,Test1234,13800004709
testuser04710,Test1234,13800004710
testuser04711,Test1234,13800004711
testuser04712,Test1234,13800004712
testuser04713,Test1234,13800004713
testuser04714,Test1234,13800004714
testuser04715,Test1234,13800004715
testuser04716,Test1234,13800004716
testuser04717,Test1234,13800004717
testuser04718,Test1234,13800004718
testuser04719,Test1234,13800004719
testuser04720,Test1234,13800004720
testuser04721,Test1234,13800004721
testuser04722,Test1234,13800004722
testuser04723,Test1234,13800004723
testuser04724,Test1234,13800004724
testuser04725,Test1234,13800004725
testuser04726,Test1234,13800004726
testuser04727,Test1234,13800004727
testuser04728,Test1234,13800004728
testuser04729,Test1234,13800004729
testuser04730,Test1234,13800004730
testuser04731,Test1234,13800004731
testuser04732,Test1234,13800004732
testuser04733,Test1234,13800004733
testuser04734,Test1234,13800004734
testuser04735,Test1234,13800004735
testuser04736,Test1234,13800004736
testuser04737,Test1234,13800004737
testuser04738,Test1234,13800004738
testuser04739,Test1234,13800004739
testuser04740,Test1234,13800004740
testuser04741,Test1234,13800004741
testuser04742,Test1234,13800004742
testuser04743,Test1234,13800004743
testuser04744,Test1234,13800004744
testuser04745,Test1234,13800004745
testuser04746,Test1234,13800004746
testuser04747,Test1234,13800004747
testuser04748,Test1234,13800004748
testuser04749,Test1234,13800004749
testuser04750,Test1234,13800004750
testuser04751,Test1234,13800004751
testuser04752,Test1234,13800004752
testuser04753,Test1234,13800004753
testuser04754,Test1234,13800004754
testuser04755,Test1234,13800004755
testuser04756,Test1234,13800004756
testuser04757,Test1234,13800004757
testuser04758,Test1234,13800004758
testuser04759,Test1234,13800004759
testuser04760,Test1234,13800004760
testuser04761,Test1234,13800004761
testuser04762,Test1234,13800004762
testuser04763,Test1234,13800004763
testuser04764,Test1234,13800004764
testuser04765,Test1234,13800004765
testuser04766,Test1234,13800004766
testuser04767,Test1234,13800004767
testuser04768,Test1234,13800004768
testuser04769,Test1234,13800004769
testuser04770,Test1234,13800004770
testuser04771,Test1234,13800004771
testuser04772,Test1234,13800004772
testuser04773,Test1234,13800004773
testuser04774,Test1234,13800004774
testuser04775,Test1234,13800004775
testuser04776,Test1234,13800004776
testuser04777,Test1234,13800004777
testuser04778,Test1234,13800004778
testuser04779,Test1234,13800004779
testuser04780,Test1234,13800004780
testuser04781,Test1234,13800004781
testuser04782,Test1234,13800004782
testuser04783,Test1234,13800004783
testuser04784,Test1234,13800004784
testuser04785,Test1234,13800004785
testuser04786,Test1234,13800004786
testuser04787,Test1234,13800004787
testuser04788,Test1234,13800004788
testuser04789,Test1234,13800004789
testuser04790,Test1234,13800004790
testuser04791,Test1234,13800004791
testuser04792,Test1234,13800004792
testuser04793,Test1234,13800004793
testuser04794,Test1234,13800004794
testuser04795,Test1234,13800004795
testuser04796,Test1234,13800004796
testuser04797,Test1234,13800004797
testuser04798,Test1234,13800004798
testuser04799,Test1234,13800004799
testuser04800,Test1234,13800004800
testuser04801,Test1234,13800004801
testuser04802,Test1234,13800004802
testuser04803,Test1234,13800004803
testuser04804,Test1234,13800004804
testuser04805,Test1234,13800004805
testuser04806,Test1234,13800004806
testuser04807,Test1234,13800004807
testuser04808,Test1234,13800004808
testuser04809,Test1234,13800004809
testuser04810,Test1234,13800004810
testuser04811,Test1234,13800004811
testuser04812,Test1234,13800004812
testuser04813,Test1234,13800004813
testuser04814,Test1234,13800004814
testuser04815,Test1234,13800004815
testuser04816,Test1234,13800004816
testuser04817,Test1234,13800004817
testuser04818,Test1234,13800004818
testuser04819,Test1234,13800004819
testuser04820,Test1234,13800004820
testuser04821,Test1234,13800004821
testuser04822,Test1234,13800004822
testuser04823,Test1234,13800004823
testuser04824,Test1234,13800004824
testuser04825,Test1234,13800004825
testuser04826,Test1234,13800004826
testuser04827,Test1234,13800004827
testuser04828,Test1234,13800004828
testuser04829,Test1234,13800004829
testuser04830,Test1234,13800004830
testuser04831,Test1234,13800004831
testuser04832,Test1234,13800004832
testuser04833,Test1234,13800004833
testuser04834,Test1234,13800004834
testuser04835,Test1234,13800004835
testuser04836,Test1234,13800004836
testuser04837,Test1234,13800004837
testuser04838,Test1234,13800004838
testuser04839,Test1234,13800004839
testuser04840,Test1234,13800004840
testuser04841,Test1234,13800004841
testuser04842,Test1234,13800004842
testuser04843,Test1234,13800004843
testuser04844,Test1234,13800004844
testuser04845,Test1234,13800004845
testuser04846,Test1234,13800004846
testuser04847,Test1234,13800004847
testuser04848,Test1234,13800004848
testuser04849,Test1234,13800004849
testuser04850,Test1234,13800004850
testuser04851,Test1234,13800004851
testuser04852,Test1234,13800004852
testuser04853,Test1234,13800004853
testuser04854,Test1234,13800004854
testuser04855,Test1234,13800004855
testuser04856,Test1234,13800004856
testuser04857,Test1234,13800004857
testuser04858,Test1234,13800004858
testuser04859,Test1234,13800004859
testuser04860,Test1234,13800004860
testuser04861,Test1234,13800004861
testuser04862,Test1234,13800004862
testuser04863,Test1234,13800004863
testuser04864,Test1234,13800004864
testuser04865,Test1234,13800004865
testuser04866,Test1234,13800004866
testuser04867,Test1234,13800004867
testuser04868,Test1234,13800004868
testuser04869,Test1234,13800004869
testuser04870,Test1234,13800004870
testuser04871,Test1234,13800004871
testuser04872,Test1234,13800004872
testuser04873,Test1234,13800004873
testuser04874,Test1234,13800004874
testuser04875,Test1234,13800004875
testuser04876,Test1234,13800004876
testuser04877,Test1234,13800004877
testuser04878,Test1234,13800004878
testuser04879,Test1234,13800004879
testuser04880,Test1234,13800004880
testuser04881,Test1234,13800004881
testuser04882,Test1234,13800004882
testuser04883,Test1234,13800004883
testuser04884,Test1234,13800004884
testuser04885,Test1234,13800004885
testuser04886,Test1234,13800004886
testuser04887,Test1234,13800004887
testuser04888,Test1234,13800004888
testuser04889,Test1234,13800004889
testuser04890,Test1234,13800004890
testuser04891,Test1234,13800004891
testuser04892,Test1234,13800004892
testuser04893,Test1234,13800004893
testuser04894,Test1234,13800004894
testuser04895,Test1234,13800004895
testuser04896,Test1234,13800004896
testuser04897,Test1234,13800004897
testuser04898,Test1234,13800004898
testuser04899,Test1234,13800004899
testuser04900,Test1234,13800004900
testuser04901,Test1234,13800004901
testuser04902,Test1234,13800004902
testuser04903,Test1234,13800004903
testuser04904,Test1234,13800004904
testuser04905,Test1234,13800004905
testuser04906,Test1234,13800004906
testuser04907,Test1234,13800004907
testuser04908,Test1234,13800004908
testuser04909,Test1234,13800004909
testuser04910,Test1234,13800004910
testuser04911,Test1234,13800004911
testuser04912,Test1234,13800004912
testuser04913,Test1234,13800004913
testuser04914,Test1234,13800004914
testuser04915,Test1234,13800004915
testuser04916,Test1234,13800004916
testuser04917,Test1234,13800004917
testuser04918,Test1234,13800004918
testuser04919,Test1234,13800004919
testuser04920,Test1234,13800004920
testuser04921,Test1234,13800004921
testuser04922,Test1234,13800004922
testuser04923,Test1234,13800004923
testuser04924,Test1234,13800004924
testuser04925,Test1234,13800004925
testuser04926,Test1234,13800004926
testuser04927,Test1234,13800004927
testuser04928,Test1234,13800004928
testuser04929,Test1234,13800004929
testuser04930,Test1234,13800004930
testuser04931,Test1234,13800004931
testuser04932,Test1234,13800004932
testuser04933,Test1234,13800004933
testuser04934,Test1234,13800004934
testuser04935,Test1234,13800004935
testuser04936,Test1234,13800004936
testuser04937,Test1234,13800004937
testuser04938,Test1234,13800004938
testuser04939,Test1234,13800004939
testuser04940,Test1234,13800004940
testuser04941,Test1234,13800004941
testuser04942,Test1234,13800004942
testuser04943,Test1234,13800004943
testuser04944,Test1234,13800004944
testuser04945,Test1234,13800004945
testuser04946,Test1234,13800004946
testuser04947,Test1234,13800004947
testuser04948,Test1234,13800004948
testuser04949,Test1234,13800004949
testuser04950,Test1234,13800004950
testuser04951,Test1234,13800004951
testuser04952,Test1234,13800004952
testuser04953,Test1234,13800004953
testuser04954,Test1234,13800004954
testuser04955,Test1234,13800004955
testuser04956,Test1234,13800004956
testuser04957,Test1234,13800004957
testuser04958,Test1234,13800004958
testuser04959,Test1234,13800004959
testuser04960,Test1234,13800004960
testuser04961,Test1234,13800004961
testuser04962,Test1234,13800004962
testuser04963,Test1234,13800004963
testuser04964,Test1234,13800004964
testuser04965,Test1234,13800004965
testuser04966,Test1234,13800004966
testuser04967,Test1234,13800004967
testuser04968,Test1234,13800004968
testuser04969,Test1234,13800004969
testuser04970,Test1234,13800004970
testuser04971,Test1234,13800004971
testuser04972,Test1234,13800004972
testuser04973,Test1234,13800004973
testuser04974,Test1234,13800004974
testuser04975,Test1234,13800004975
testuser04976,Test1234,13800004976
testuser04977,Test1234,13800004977
testuser04978,Test1234,13800004978
testuser04979,Test1234,13800004979
testuser04980,Test1234,13800004980
testuser04981,Test1234,13800004981
testuser04982,Test1234,13800004982
testuser04983,Test1234,13800004983
testuser04984,Test1234,13800004984
testuser04985,Test1234,13800004985
testuser04986,Test1234,13800004986
testuser04987,Test1234,13800004987
testuser04988,Test1234,13800004988
testuser04989,Test1234,13800004989
testuser04990,Test1234,13800004990
testuser04991,Test1234,13800004991
testuser04992,Test1234,13800004992
testuser04993,Test1234,13800004993
testuser04994,Test1234,13800004994
testuser04995,Test1234,13800004995
testuser04996,Test1234,13800004996
testuser04997,Test1234,13800004997
testuser04998,Test1234,13800004998
testuser04999,Test1234,13800004999
testuser05000,Test1234,13800005000
